omega,lmax_eff,sigma_abs
1.000000000000000000e+00,7.000000000000000000e+00,2.109224480452898831e+01
1.020000000000000018e+00,7.000000000000000000e+00,2.134531895899601395e+01
1.040000000000000036e+00,7.000000000000000000e+00,2.149506133031801980e+01
1.060000000000000053e+00,7.000000000000000000e+00,2.154479384143628096e+01
1.080000000000000071e+00,7.000000000000000000e+00,2.147849289237300496e+01
1.100000000000000089e+00,7.000000000000000000e+00,2.130539321000616582e+01
1.120000000000000107e+00,7.000000000000000000e+00,2.108847428058880524e+01
1.140000000000000124e+00,7.000000000000000000e+00,2.080406451768475051e+01
1.160000000000000142e+00,7.000000000000000000e+00,2.049232490276942542e+01
1.180000000000000160e+00,7.000000000000000000e+00,2.017851191001338762e+01
1.200000000000000178e+00,7.000000000000000000e+00,1.988102653236624207e+01
1.220000000000000195e+00,7.000000000000000000e+00,1.962403378921708708e+01
1.240000000000000213e+00,7.000000000000000000e+00,1.942414552320576959e+01
1.260000000000000231e+00,7.000000000000000000e+00,1.929506040949203793e+01
1.280000000000000249e+00,7.000000000000000000e+00,1.924700853122173427e+01
1.300000000000000266e+00,7.000000000000000000e+00,1.928738047562632829e+01
1.320000000000000284e+00,8.000000000000000000e+00,1.941635135108269949e+01
1.340000000000000302e+00,8.000000000000000000e+00,1.961086217438964141e+01
1.360000000000000320e+00,8.000000000000000000e+00,1.985997575295368023e+01
1.380000000000000338e+00,8.000000000000000000e+00,2.012499875912809344e+01
1.400000000000000355e+00,8.000000000000000000e+00,2.039224836012503772e+01
1.420000000000000373e+00,8.000000000000000000e+00,2.061258240127152064e+01
1.440000000000000391e+00,8.000000000000000000e+00,2.076033140614573114e+01
1.460000000000000409e+00,8.000000000000000000e+00,2.084265763988468123e+01
1.480000000000000426e+00,8.000000000000000000e+00,2.084112457435698929e+01
1.500000000000000444e+00,8.000000000000000000e+00,2.076242308482219556e+01
1.520000000000000462e+00,8.000000000000000000e+00,2.062267098406696419e+01
1.540000000000000480e+00,8.000000000000000000e+00,2.045485064798436170e+01
1.560000000000000497e+00,8.000000000000000000e+00,2.022221924530176196e+01
1.580000000000000515e+00,8.000000000000000000e+00,1.999752327036381772e+01
1.600000000000000533e+00,8.000000000000000000e+00,1.977305126890860265e+01
1.620000000000000551e+00,8.000000000000000000e+00,1.958074884174972397e+01
1.640000000000000568e+00,8.000000000000000000e+00,1.942144576405820189e+01
1.660000000000000586e+00,8.000000000000000000e+00,1.930959115086696087e+01
1.680000000000000604e+00,8.000000000000000000e+00,1.925920471414536905e+01
1.700000000000000622e+00,9.000000000000000000e+00,1.927876386217961624e+01
1.720000000000000639e+00,9.000000000000000000e+00,1.935491585713087304e+01
1.740000000000000657e+00,9.000000000000000000e+00,1.949760060682360319e+01
1.760000000000000675e+00,9.000000000000000000e+00,1.971177587470394954e+01
1.780000000000000693e+00,9.000000000000000000e+00,1.989527403875429812e+01
1.800000000000000711e+00,9.000000000000000000e+00,2.010700026276003172e+01
1.820000000000000728e+00,9.000000000000000000e+00,2.028122045368752069e+01
1.840000000000000746e+00,9.000000000000000000e+00,2.043079010321260824e+01
1.860000000000000764e+00,9.000000000000000000e+00,2.051429880079328072e+01
1.880000000000000782e+00,9.000000000000000000e+00,2.052753188325852562e+01
1.900000000000000799e+00,9.000000000000000000e+00,2.048472514937391864e+01
1.920000000000000817e+00,9.000000000000000000e+00,2.039040505861713726e+01
1.940000000000000835e+00,9.000000000000000000e+00,2.025241069347174516e+01
1.960000000000000853e+00,9.000000000000000000e+00,2.009011823860135948e+01
1.980000000000000870e+00,9.000000000000000000e+00,1.992017347917979464e+01
2.000000000000000888e+00,9.000000000000000000e+00,1.973903423684431502e+01
2.020000000000000906e+00,9.000000000000000000e+00,1.957877487425025720e+01
2.040000000000000924e+00,9.000000000000000000e+00,1.944100047034835654e+01
2.060000000000000941e+00,9.000000000000000000e+00,1.934803709131903204e+01
2.080000000000000959e+00,9.000000000000000000e+00,1.929897157260882423e+01
2.100000000000000977e+00,1.000000000000000000e+01,1.930187574866686617e+01
2.120000000000000995e+00,1.000000000000000000e+01,1.936018771507159997e+01
2.140000000000001013e+00,1.000000000000000000e+01,1.946932128835478792e+01
2.160000000000001030e+00,1.000000000000000000e+01,1.962056257381566482e+01
2.180000000000001048e+00,1.000000000000000000e+01,1.979377559876374448e+01
2.200000000000001066e+00,1.000000000000000000e+01,1.996627700845780851e+01
2.220000000000001084e+00,1.000000000000000000e+01,2.013068251615588267e+01
2.240000000000001101e+00,1.000000000000000000e+01,2.025442044634739958e+01
2.260000000000001119e+00,1.000000000000000000e+01,2.032989589556602894e+01
2.280000000000001137e+00,1.000000000000000000e+01,2.035455409002568672e+01
2.300000000000001155e+00,1.000000000000000000e+01,2.032686288437423983e+01
2.320000000000001172e+00,1.000000000000000000e+01,2.025571650677994739e+01
2.340000000000001190e+00,1.000000000000000000e+01,2.014688293435920841e+01
2.360000000000001208e+00,1.000000000000000000e+01,2.001358186710675469e+01
2.380000000000001226e+00,1.000000000000000000e+01,1.986888197863289918e+01
2.400000000000001243e+00,1.000000000000000000e+01,1.972215050645078094e+01
2.420000000000001261e+00,1.000000000000000000e+01,1.958143263165409920e+01
2.440000000000001279e+00,1.000000000000000000e+01,1.946970259211608933e+01
2.460000000000001297e+00,1.000000000000000000e+01,1.938418415658125582e+01
2.480000000000001315e+00,1.100000000000000000e+01,1.934100368124345692e+01
2.500000000000001332e+00,1.100000000000000000e+01,1.933670572300264823e+01
2.520000000000001350e+00,1.100000000000000000e+01,1.938121807533556407e+01
2.540000000000001368e+00,1.100000000000000000e+01,1.947403015497249967e+01
2.560000000000001386e+00,1.100000000000000000e+01,1.959696370489820794e+01
2.580000000000001403e+00,1.100000000000000000e+01,1.974302559994579909e+01
2.600000000000001421e+00,1.100000000000000000e+01,1.989922118120255945e+01
2.620000000000001439e+00,1.100000000000000000e+01,2.003770354362302442e+01
2.640000000000001457e+00,1.100000000000000000e+01,2.013396723066640703e+01
2.660000000000001474e+00,1.100000000000000000e+01,2.022091738716207132e+01
2.680000000000001492e+00,1.100000000000000000e+01,2.024517450719746137e+01
2.700000000000001510e+00,1.100000000000000000e+01,2.023075868288517754e+01
2.720000000000001528e+00,1.100000000000000000e+01,2.016790622759984331e+01
2.740000000000001545e+00,1.100000000000000000e+01,2.007613932431028658e+01
2.760000000000001563e+00,1.100000000000000000e+01,1.996531521697716727e+01
2.780000000000001581e+00,1.100000000000000000e+01,1.983926857384038911e+01
2.800000000000001599e+00,1.100000000000000000e+01,1.971162327625713928e+01
2.820000000000001616e+00,1.100000000000000000e+01,1.959390041048691700e+01
2.840000000000001634e+00,1.100000000000000000e+01,1.949130350060568162e+01
2.860000000000001652e+00,1.100000000000000000e+01,1.941181034538442773e+01
2.880000000000001670e+00,1.200000000000000000e+01,1.937328290125710950e+01
2.900000000000001688e+00,1.200000000000000000e+01,1.936964464646527162e+01
2.920000000000001705e+00,1.200000000000000000e+01,1.940906030850606712e+01
2.940000000000001723e+00,1.200000000000000000e+01,1.948363921089967832e+01
2.960000000000001741e+00,1.200000000000000000e+01,1.959331994447418168e+01
2.980000000000001759e+00,1.200000000000000000e+01,1.972360728588889600e+01
3.000000000000001776e+00,1.200000000000000000e+01,1.985890434887847888e+01
3.020000000000001794e+00,1.200000000000000000e+01,1.998305601255191988e+01
3.040000000000001812e+00,1.200000000000000000e+01,2.008282900601823329e+01
3.060000000000001830e+00,1.200000000000000000e+01,2.014705257149705275e+01
3.080000000000001847e+00,1.200000000000000000e+01,2.017327010581205826e+01
3.100000000000001865e+00,1.200000000000000000e+01,2.015716284292883742e+01
3.120000000000001883e+00,1.200000000000000000e+01,2.010691468732398590e+01
3.140000000000001901e+00,1.200000000000000000e+01,2.002422431285419435e+01
3.160000000000001918e+00,1.200000000000000000e+01,1.992860827858262596e+01
3.180000000000001936e+00,1.200000000000000000e+01,1.981906684700318522e+01
3.200000000000001954e+00,1.200000000000000000e+01,1.970599801903320980e+01
3.220000000000001972e+00,1.200000000000000000e+01,1.960133306408152976e+01
3.240000000000001990e+00,1.200000000000000000e+01,1.951129601468809582e+01
3.260000000000002007e+00,1.200000000000000000e+01,1.944233376708329430e+01
3.280000000000002025e+00,1.300000000000000000e+01,1.940449178854820644e+01
3.300000000000002043e+00,1.300000000000000000e+01,1.940165789544062491e+01
3.320000000000002061e+00,1.300000000000000000e+01,1.943309472038166419e+01
3.340000000000002078e+00,1.300000000000000000e+01,1.950154296140043542e+01
3.360000000000002096e+00,1.300000000000000000e+01,1.958987974547585509e+01
3.380000000000002114e+00,1.300000000000000000e+01,1.971466627441742858e+01
3.400000000000002132e+00,1.300000000000000000e+01,1.983730272643171944e+01
3.420000000000002149e+00,1.300000000000000000e+01,1.994643268922300550e+01
3.440000000000002167e+00,1.300000000000000000e+01,2.003813985262685549e+01
3.460000000000002185e+00,1.300000000000000000e+01,2.009871969402950498e+01
3.480000000000002203e+00,1.300000000000000000e+01,2.011776844647752682e+01
3.500000000000002220e+00,1.300000000000000000e+01,2.010594748001584620e+01
3.520000000000002238e+00,1.300000000000000000e+01,2.006462873844301598e+01
3.540000000000002256e+00,1.300000000000000000e+01,1.999018365868788649e+01
3.560000000000002274e+00,1.300000000000000000e+01,1.990211182950057989e+01
3.580000000000002292e+00,1.300000000000000000e+01,1.980214820992608438e+01
3.600000000000002309e+00,1.300000000000000000e+01,1.970330647127289581e+01
3.620000000000002327e+00,1.300000000000000000e+01,1.960892750890323555e+01
3.640000000000002345e+00,1.300000000000000000e+01,1.952613582576674744e+01
3.660000000000002363e+00,1.400000000000000000e+01,1.946619696133402400e+01
3.680000000000002380e+00,1.400000000000000000e+01,1.943231682757577516e+01
3.700000000000002398e+00,1.400000000000000000e+01,1.942739417793679735e+01
3.720000000000002416e+00,1.400000000000000000e+01,1.945756286108217736e+01
3.740000000000002434e+00,1.400000000000000000e+01,1.951986469074520869e+01
3.760000000000002451e+00,1.400000000000000000e+01,1.960692641180917661e+01
3.780000000000002469e+00,1.400000000000000000e+01,1.971221396854384622e+01
3.800000000000002487e+00,1.400000000000000000e+01,1.982047612519047419e+01
3.820000000000002505e+00,1.400000000000000000e+01,1.992379509931900827e+01
3.840000000000002522e+00,1.400000000000000000e+01,2.000455714168414900e+01
3.860000000000002540e+00,1.400000000000000000e+01,2.005785989721958984e+01
3.880000000000002558e+00,1.400000000000000000e+01,2.007751768588707364e+01
3.900000000000002576e+00,1.400000000000000000e+01,2.006511739115194004e+01
3.920000000000002593e+00,1.400000000000000000e+01,2.002420212762951834e+01
3.940000000000002611e+00,1.400000000000000000e+01,1.996085027648491561e+01
3.960000000000002629e+00,1.400000000000000000e+01,1.987976371282976729e+01
3.980000000000002647e+00,1.400000000000000000e+01,1.979118565329927293e+01
4.000000000000002665e+00,1.400000000000000000e+01,1.970021551124259318e+01
4.020000000000003126e+00,1.400000000000000000e+01,1.961692295014141862e+01
4.040000000000002700e+00,1.400000000000000000e+01,1.954068981886334555e+01
4.060000000000002274e+00,1.500000000000000000e+01,1.948523363507848671e+01
4.080000000000002736e+00,1.500000000000000000e+01,1.945555983030363834e+01
4.100000000000003197e+00,1.500000000000000000e+01,1.945124607965502861e+01
4.120000000000002771e+00,1.500000000000000000e+01,1.947809761746734836e+01
4.140000000000002345e+00,1.500000000000000000e+01,1.953522213296362153e+01
4.160000000000002807e+00,1.500000000000000000e+01,1.961581050635512469e+01
4.180000000000003268e+00,1.500000000000000000e+01,1.971020293783929134e+01
4.200000000000002842e+00,1.500000000000000000e+01,1.981228639887503817e+01
4.220000000000002416e+00,1.500000000000000000e+01,1.990437667746767403e+01
4.240000000000002878e+00,1.500000000000000000e+01,1.999363662095829852e+01
4.260000000000003340e+00,1.500000000000000000e+01,2.002594461066978226e+01
4.280000000000002913e+00,1.500000000000000000e+01,2.004290797438480709e+01
4.300000000000002487e+00,1.500000000000000000e+01,2.003345249816231188e+01
4.320000000000002949e+00,1.500000000000000000e+01,1.999444643259094434e+01
4.340000000000003411e+00,1.500000000000000000e+01,1.993448165823433627e+01
4.360000000000002984e+00,1.500000000000000000e+01,1.986286700351393009e+01
4.380000000000002558e+00,1.500000000000000000e+01,1.978055274786913031e+01
4.400000000000003020e+00,1.500000000000000000e+01,1.969678281091632144e+01
4.420000000000003482e+00,1.500000000000000000e+01,1.961934091359595911e+01
4.440000000000003055e+00,1.500000000000000000e+01,1.955175502263717746e+01
4.460000000000002629e+00,1.600000000000000000e+01,1.950556624440393705e+01
4.480000000000003091e+00,1.600000000000000000e+01,1.947367336630958690e+01
4.500000000000003553e+00,1.600000000000000000e+01,1.947116288875234247e+01
4.520000000000003126e+00,1.600000000000000000e+01,1.949809543479360130e+01
4.540000000000002700e+00,1.600000000000000000e+01,1.954925968286049454e+01
4.560000000000003162e+00,1.600000000000000000e+01,1.962230954994937449e+01
4.580000000000003624e+00,1.600000000000000000e+01,1.971297155529555312e+01
4.600000000000003197e+00,1.600000000000000000e+01,1.980502141309713693e+01
4.620000000000002771e+00,1.600000000000000000e+01,1.988899120180225566e+01
4.640000000000003233e+00,1.600000000000000000e+01,1.995680333407770490e+01
4.660000000000003695e+00,1.600000000000000000e+01,2.000016771436191476e+01
4.680000000000003268e+00,1.600000000000000000e+01,2.001653259554804976e+01
4.700000000000002842e+00,1.600000000000000000e+01,2.000474019775958823e+01
4.720000000000003304e+00,1.600000000000000000e+01,1.996932265516851146e+01
4.740000000000003766e+00,1.600000000000000000e+01,1.991509483796792068e+01
4.760000000000003340e+00,1.600000000000000000e+01,1.984675819536512265e+01
4.780000000000002913e+00,1.600000000000000000e+01,1.977194180423920500e+01
4.800000000000003375e+00,1.600000000000000000e+01,1.969498322481572572e+01
4.820000000000003837e+00,1.600000000000000000e+01,1.962311162098247408e+01
4.840000000000003411e+00,1.600000000000000000e+01,1.956207698832452024e+01
4.860000000000002984e+00,1.700000000000000000e+01,1.951602985769692467e+01
4.880000000000003446e+00,1.700000000000000000e+01,1.949059662954319094e+01
4.900000000000003908e+00,1.700000000000000000e+01,1.948490778152791592e+01
4.920000000000003482e+00,1.700000000000000000e+01,1.951384471727785908e+01
4.940000000000003055e+00,1.700000000000000000e+01,1.956308060734165366e+01
4.960000000000003517e+00,1.700000000000000000e+01,1.963061857535437582e+01
4.980000000000003979e+00,1.700000000000000000e+01,1.971465076305995368e+01
5.000000000000003553e+00,1.700000000000000000e+01,1.980089814592288633e+01
5.020000000000003126e+00,1.700000000000000000e+01,1.987774466034479559e+01
5.040000000000003588e+00,1.700000000000000000e+01,1.993991370508101113e+01
5.060000000000004050e+00,1.700000000000000000e+01,1.998100076073285081e+01
5.080000000000003624e+00,1.700000000000000000e+01,1.999231269592401716e+01
5.100000000000003197e+00,1.700000000000000000e+01,1.998180400171699134e+01
5.120000000000003659e+00,1.700000000000000000e+01,1.993200805830444722e+01
5.140000000000004121e+00,1.700000000000000000e+01,1.989761374139929018e+01
5.160000000000003695e+00,1.700000000000000000e+01,1.983484423168187405e+01
5.180000000000003268e+00,1.700000000000000000e+01,1.976431461436950343e+01
5.200000000000003730e+00,1.700000000000000000e+01,1.969398398322227450e+01
5.220000000000004192e+00,1.700000000000000000e+01,1.962760555505585813e+01
5.240000000000003766e+00,1.700000000000000000e+01,1.957027546312681565e+01
5.260000000000003340e+00,1.800000000000000000e+01,1.952889114125886039e+01
5.280000000000003801e+00,1.800000000000000000e+01,1.950803807090721165e+01
5.300000000000004263e+00,1.800000000000000000e+01,1.950532374379949374e+01
5.320000000000003837e+00,1.800000000000000000e+01,1.952927238487924555e+01
5.340000000000003411e+00,1.800000000000000000e+01,1.955257143632973538e+01
5.360000000000003872e+00,1.800000000000000000e+01,1.964072836824215429e+01
5.380000000000004334e+00,1.800000000000000000e+01,1.971772936522346598e+01
5.400000000000003908e+00,1.800000000000000000e+01,1.979621440388331166e+01
5.420000000000003482e+00,1.800000000000000000e+01,1.986945492215002673e+01
5.440000000000003944e+00,1.800000000000000000e+01,1.992726334667781884e+01
5.460000000000004405e+00,1.800000000000000000e+01,1.996132418430903854e+01
5.480000000000003979e+00,1.800000000000000000e+01,1.997366915317775593e+01
5.500000000000003553e+00,1.800000000000000000e+01,1.996274502459068501e+01
5.520000000000004015e+00,1.800000000000000000e+01,1.993051711367629508e+01
5.540000000000004476e+00,1.800000000000000000e+01,1.988310510299303502e+01
5.560000000000004050e+00,1.800000000000000000e+01,1.981142866176209338e+01
5.580000000000003624e+00,1.800000000000000000e+01,1.975922908087190777e+01
5.600000000000004086e+00,1.800000000000000000e+01,1.969317577415301557e+01
5.620000000000004547e+00,1.800000000000000000e+01,1.963145859678690996e+01
5.640000000000004121e+00,1.800000000000000000e+01,1.957881172331402198e+01
5.660000000000003695e+00,1.900000000000000000e+01,1.954017718457075503e+01
5.680000000000004157e+00,1.900000000000000000e+01,1.951975209230204911e+01
5.700000000000004619e+00,1.900000000000000000e+01,1.951988385481918797e+01
5.720000000000004192e+00,1.900000000000000000e+01,1.954231485040035210e+01
5.740000000000003766e+00,1.900000000000000000e+01,1.958650357698906674e+01
5.760000000000004228e+00,1.900000000000000000e+01,1.964813619854285420e+01
5.780000000000004690e+00,1.900000000000000000e+01,1.821638875628734411e+01
5.800000000000004263e+00,1.900000000000000000e+01,1.979397461394365010e+01
5.820000000000003837e+00,1.900000000000000000e+01,1.986095820904456843e+01
5.840000000000004299e+00,1.900000000000000000e+01,1.991689980784394365e+01
5.860000000000004761e+00,1.900000000000000000e+01,1.994628798956879479e+01
5.880000000000004334e+00,1.900000000000000000e+01,1.995563222450455143e+01
5.900000000000003908e+00,1.900000000000000000e+01,1.994569774723789024e+01
5.920000000000004370e+00,1.900000000000000000e+01,1.991488822814334014e+01
5.940000000000004832e+00,1.900000000000000000e+01,1.986889546616260560e+01
5.960000000000004405e+00,1.900000000000000000e+01,1.981440707659491451e+01
5.980000000000003979e+00,1.900000000000000000e+01,1.975317372763716506e+01
6.000000000000004441e+00,1.900000000000000000e+01,1.963652631656320580e+01
6.020000000000004903e+00,1.900000000000000000e+01,1.963413044345106684e+01
6.040000000000004476e+00,1.900000000000000000e+01,1.958500317234670973e+01
6.060000000000004050e+00,2.000000000000000000e+01,1.955086019435978173e+01
6.080000000000004512e+00,2.000000000000000000e+01,1.953101083280795791e+01
6.100000000000004974e+00,2.000000000000000000e+01,1.953160224101173981e+01
6.120000000000004547e+00,2.000000000000000000e+01,1.955465393961257803e+01
6.140000000000004121e+00,2.000000000000000000e+01,1.959596464074238398e+01
6.160000000000004583e+00,2.000000000000000000e+01,1.965195067403854523e+01
6.180000000000005045e+00,2.000000000000000000e+01,1.972230610607036638e+01
6.200000000000004619e+00,2.000000000000000000e+01,1.979147351282155398e+01
6.220000000000004192e+00,2.000000000000000000e+01,1.981967651118212004e+01
6.240000000000004654e+00,2.000000000000000000e+01,1.990236569230675556e+01
6.260000000000005116e+00,2.000000000000000000e+01,1.993169097746362795e+01
6.280000000000004690e+00,2.000000000000000000e+01,1.994183405479281035e+01
6.300000000000004263e+00,2.000000000000000000e+01,1.992962839542342834e+01
6.320000000000004725e+00,2.000000000000000000e+01,1.990065153059978442e+01
6.340000000000005187e+00,2.000000000000000000e+01,1.985828492460886352e+01
6.360000000000004761e+00,2.000000000000000000e+01,1.980585620101925315e+01
6.380000000000004334e+00,2.000000000000000000e+01,1.974780841383404351e+01
6.400000000000004796e+00,2.000000000000000000e+01,1.969054114775672915e+01
6.420000000000005258e+00,2.000000000000000000e+01,1.963637862042668303e+01
6.440000000000004832e+00,2.100000000000000000e+01,1.958624478852245332e+01
6.460000000000004405e+00,2.100000000000000000e+01,1.955809357807251558e+01
6.480000000000004867e+00,2.100000000000000000e+01,1.954132901864203475e+01
6.500000000000005329e+00,2.100000000000000000e+01,1.954323786412831510e+01
6.520000000000004903e+00,2.100000000000000000e+01,1.956461737360732300e+01
6.540000000000004476e+00,2.100000000000000000e+01,1.960457022546761507e+01
6.560000000000004938e+00,2.100000000000000000e+01,1.965964302364600513e+01
6.580000000000005400e+00,2.100000000000000000e+01,1.972417178269446225e+01
6.600000000000004974e+00,2.100000000000000000e+01,1.978959827060673859e+01
6.620000000000004547e+00,2.100000000000000000e+01,1.984763080951733372e+01
6.640000000000005009e+00,2.100000000000000000e+01,1.989302933911536186e+01
6.660000000000005471e+00,2.100000000000000000e+01,1.993079633227185710e+01
6.680000000000005045e+00,2.100000000000000000e+01,1.992757397689898013e+01
6.700000000000004619e+00,2.100000000000000000e+01,1.991678640138854206e+01
6.720000000000005080e+00,2.100000000000000000e+01,1.988839229817912724e+01
6.740000000000005542e+00,2.100000000000000000e+01,1.984808588630360759e+01
6.760000000000005116e+00,2.100000000000000000e+01,1.979863080884044635e+01
6.780000000000004690e+00,2.100000000000000000e+01,1.974401649402543768e+01
6.800000000000005151e+00,2.100000000000000000e+01,1.968979511676679195e+01
6.820000000000005613e+00,2.100000000000000000e+01,1.963956963547274270e+01
6.840000000000005187e+00,2.200000000000000000e+01,1.959656687834079491e+01
6.860000000000004761e+00,2.200000000000000000e+01,1.956631748012258498e+01
6.880000000000005222e+00,2.200000000000000000e+01,1.955783859253844881e+01
6.900000000000005684e+00,2.200000000000000000e+01,1.955317150366474621e+01
6.920000000000005258e+00,2.200000000000000000e+01,1.957486185525928590e+01
6.940000000000004832e+00,2.200000000000000000e+01,1.961100829502611376e+01
6.960000000000005294e+00,2.200000000000000000e+01,1.966575364188081565e+01
6.980000000000005755e+00,2.200000000000000000e+01,1.972737817814173766e+01
7.000000000000005329e+00,2.200000000000000000e+01,1.978777543709708553e+01
7.020000000000004903e+00,2.200000000000000000e+01,1.984333236001820566e+01
7.040000000000005365e+00,2.200000000000000000e+01,1.988546686183052259e+01
7.060000000000005826e+00,2.200000000000000000e+01,1.990992309968382301e+01
7.080000000000005400e+00,2.200000000000000000e+01,1.991672128529070918e+01
7.100000000000004974e+00,2.200000000000000000e+01,1.990890625323741148e+01
7.120000000000005436e+00,2.200000000000000000e+01,1.987826955261869699e+01
7.140000000000005898e+00,2.200000000000000000e+01,1.983926868561790968e+01
7.160000000000005471e+00,2.200000000000000000e+01,1.979161622148779287e+01
7.180000000000005045e+00,2.200000000000000000e+01,1.974100798405790513e+01
7.200000000000005507e+00,2.200000000000000000e+01,1.968964152836556281e+01
7.220000000000005969e+00,2.200000000000000000e+01,1.964162630430979917e+01
7.240000000000005542e+00,2.300000000000000000e+01,1.960208691206628018e+01
7.260000000000005116e+00,2.300000000000000000e+01,1.957406795048199299e+01
7.280000000000005578e+00,2.300000000000000000e+01,1.955981957939745897e+01
7.300000000000006040e+00,2.300000000000000000e+01,1.956291807270376637e+01
7.320000000000005613e+00,2.300000000000000000e+01,1.958393833386794469e+01
7.340000000000005187e+00,2.300000000000000000e+01,1.962079763698452339e+01
7.360000000000005649e+00,2.300000000000000000e+01,1.967125930194067607e+01
7.380000000000006111e+00,2.300000000000000000e+01,1.972893993314688643e+01
7.400000000000005684e+00,2.300000000000000000e+01,1.978723448234660864e+01
7.420000000000005258e+00,2.300000000000000000e+01,1.983869313787090150e+01
7.440000000000005720e+00,2.300000000000000000e+01,1.987839846983771608e+01
7.460000000000006182e+00,2.300000000000000000e+01,1.990076338669303269e+01
7.480000000000005755e+00,2.300000000000000000e+01,1.990564807348707532e+01
7.500000000000005329e+00,2.300000000000000000e+01,1.989483391334230333e+01
7.520000000000005791e+00,2.300000000000000000e+01,1.986862552444489793e+01
7.540000000000006253e+00,2.300000000000000000e+01,1.982821388890891612e+01
7.560000000000005826e+00,2.300000000000000000e+01,1.978637212993287875e+01
7.580000000000005400e+00,2.300000000000000000e+01,1.973746296070383366e+01
7.600000000000005862e+00,2.300000000000000000e+01,1.968968202847151616e+01
7.620000000000006324e+00,2.300000000000000000e+01,1.964383510278725353e+01
7.640000000000005898e+00,2.400000000000000000e+01,1.960626494483727100e+01
7.660000000000005471e+00,2.400000000000000000e+01,1.958060375269407061e+01
7.680000000000005933e+00,2.400000000000000000e+01,1.956751583289727847e+01
7.700000000000006395e+00,2.400000000000000000e+01,1.957053113297570235e+01
7.720000000000005969e+00,2.400000000000000000e+01,1.959188660267387050e+01
7.740000000000005542e+00,2.400000000000000000e+01,1.962726471295119524e+01
7.760000000000006004e+00,2.400000000000000000e+01,1.966965510818711493e+01
7.780000000000006466e+00,2.400000000000000000e+01,1.973070802647398736e+01
7.800000000000006040e+00,2.400000000000000000e+01,1.978546557826528485e+01
7.820000000000005613e+00,2.400000000000000000e+01,1.983691955691941544e+01
7.840000000000006075e+00,2.400000000000000000e+01,1.987103773101529214e+01
7.860000000000006537e+00,2.400000000000000000e+01,1.989168531413137231e+01
7.880000000000006111e+00,2.400000000000000000e+01,1.989669945449130495e+01
7.900000000000005684e+00,2.400000000000000000e+01,1.988484582544837664e+01
7.920000000000006146e+00,2.400000000000000000e+01,1.985946889234057267e+01
7.940000000000006608e+00,2.400000000000000000e+01,1.982393859583271478e+01
7.960000000000006182e+00,2.400000000000000000e+01,1.978085540206692272e+01
7.980000000000005755e+00,2.400000000000000000e+01,1.973252050512055433e+01
8.000000000000007105e+00,2.400000000000000000e+01,1.968805935660888196e+01
8.020000000000006679e+00,2.400000000000000000e+01,1.964532977091459642e+01
8.040000000000006253e+00,2.500000000000000000e+01,1.961090646973647011e+01
8.060000000000005826e+00,2.500000000000000000e+01,1.958566465428124559e+01
8.080000000000005400e+00,2.500000000000000000e+01,1.957424450918655978e+01
8.100000000000006750e+00,2.500000000000000000e+01,1.957862032241624917e+01
8.120000000000006324e+00,2.500000000000000000e+01,1.959849690948221124e+01
8.140000000000005898e+00,2.500000000000000000e+01,1.963282165697652815e+01
8.160000000000007248e+00,2.500000000000000000e+01,1.967970698933500984e+01
8.180000000000006821e+00,2.500000000000000000e+01,1.973229734958026782e+01
8.200000000000006395e+00,2.500000000000000000e+01,1.978418756289919500e+01
8.220000000000005969e+00,2.500000000000000000e+01,1.983060426177972246e+01
8.240000000000005542e+00,2.500000000000000000e+01,1.986496807541698928e+01
8.260000000000006892e+00,2.500000000000000000e+01,1.988358133176899756e+01
8.280000000000006466e+00,2.500000000000000000e+01,1.988774843156265959e+01
8.300000000000006040e+00,2.500000000000000000e+01,1.987636688831343079e+01
8.320000000000007390e+00,2.500000000000000000e+01,1.985173324623172064e+01
8.340000000000006963e+00,2.500000000000000000e+01,1.981709326195221266e+01
8.360000000000006537e+00,2.500000000000000000e+01,1.977629015988757288e+01
8.380000000000006111e+00,2.500000000000000000e+01,1.973169130487113776e+01
8.400000000000005684e+00,2.500000000000000000e+01,1.968769623645954425e+01
8.420000000000007034e+00,2.500000000000000000e+01,1.964789601366377170e+01
8.440000000000006608e+00,2.600000000000000000e+01,1.961403566150952571e+01
8.460000000000006182e+00,2.600000000000000000e+01,1.959119037996819301e+01
8.480000000000007532e+00,2.600000000000000000e+01,1.957911475025310466e+01
8.500000000000007105e+00,2.600000000000000000e+01,1.958539701966185476e+01
8.520000000000006679e+00,2.600000000000000000e+01,1.960549010227166988e+01
8.540000000000006253e+00,2.600000000000000000e+01,1.963821859641055312e+01
8.560000000000005826e+00,2.600000000000000000e+01,1.968355848284177512e+01
8.580000000000007176e+00,2.600000000000000000e+01,1.973470543768229390e+01
8.600000000000006750e+00,2.600000000000000000e+01,1.978390715345583928e+01
8.620000000000006324e+00,2.600000000000000000e+01,1.982757505981599166e+01
8.640000000000007674e+00,2.600000000000000000e+01,1.986192670803807658e+01
8.660000000000007248e+00,2.600000000000000000e+01,1.987749943217484017e+01
8.680000000000006821e+00,2.600000000000000000e+01,1.988045016584452540e+01
8.700000000000006395e+00,2.600000000000000000e+01,1.986679170891627777e+01
8.720000000000005969e+00,2.600000000000000000e+01,1.984474624495722495e+01
8.740000000000007319e+00,2.600000000000000000e+01,1.981169678359620434e+01
8.760000000000006892e+00,2.600000000000000000e+01,1.977163661121819871e+01
8.780000000000006466e+00,2.600000000000000000e+01,1.972957048577769257e+01
8.800000000000007816e+00,2.600000000000000000e+01,1.968814600919595037e+01
8.820000000000007390e+00,2.600000000000000000e+01,1.964916522182997127e+01
8.840000000000006963e+00,2.700000000000000000e+01,1.961790857955115897e+01
8.860000000000006537e+00,2.700000000000000000e+01,1.959811444577424666e+01
8.880000000000006111e+00,2.700000000000000000e+01,1.958716697831095743e+01
8.900000000000007461e+00,2.700000000000000000e+01,1.959218069451723920e+01
8.920000000000007034e+00,2.700000000000000000e+01,1.961053497075967300e+01
8.940000000000006608e+00,2.700000000000000000e+01,1.964447665662213538e+01
8.960000000000007958e+00,2.700000000000000000e+01,1.968758672172589641e+01
8.980000000000007532e+00,2.700000000000000000e+01,1.973565369968872929e+01
9.000000000000007105e+00,2.700000000000000000e+01,1.978335175896314979e+01
9.020000000000006679e+00,2.700000000000000000e+01,1.982481056484807880e+01
9.040000000000006253e+00,2.700000000000000000e+01,1.985517581853029156e+01
9.060000000000007603e+00,2.700000000000000000e+01,1.987127980469642807e+01
9.080000000000007176e+00,2.700000000000000000e+01,1.987325381330849794e+01
9.100000000000006750e+00,2.700000000000000000e+01,1.986172178923572318e+01
9.120000000000008100e+00,2.700000000000000000e+01,1.983829065346742127e+01
9.140000000000007674e+00,2.700000000000000000e+01,1.980703433734300845e+01
9.160000000000007248e+00,2.700000000000000000e+01,1.976796155329300575e+01
9.180000000000006821e+00,2.700000000000000000e+01,1.972736261141834291e+01
9.200000000000006395e+00,2.700000000000000000e+01,1.968760400591360238e+01
9.220000000000007745e+00,2.700000000000000000e+01,1.965086288598484998e+01
9.240000000000007319e+00,2.800000000000000000e+01,1.962096842882416681e+01
9.260000000000006892e+00,2.800000000000000000e+01,1.960115995513095299e+01
9.280000000000008242e+00,2.800000000000000000e+01,1.959290750590896124e+01
9.300000000000007816e+00,2.800000000000000000e+01,1.959755214843534432e+01
9.320000000000007390e+00,2.800000000000000000e+01,1.961767334486302161e+01
9.340000000000006963e+00,2.800000000000000000e+01,1.964935097101912476e+01
9.360000000000006537e+00,2.800000000000000000e+01,1.969461871092182292e+01
9.380000000000007887e+00,2.800000000000000000e+01,1.973721660817197687e+01
9.400000000000007461e+00,2.800000000000000000e+01,1.978258512394150159e+01
9.420000000000007034e+00,2.800000000000000000e+01,1.982297912357071112e+01
9.440000000000008384e+00,2.800000000000000000e+01,1.985027096420991555e+01
9.460000000000007958e+00,2.800000000000000000e+01,1.986489113455595756e+01
9.480000000000007532e+00,2.800000000000000000e+01,1.986675441699669520e+01
9.500000000000007105e+00,2.800000000000000000e+01,1.985477864834047779e+01
9.520000000000006679e+00,2.800000000000000000e+01,1.983059463660395494e+01
9.540000000000008029e+00,2.800000000000000000e+01,1.980100057919176493e+01
9.560000000000007603e+00,2.800000000000000000e+01,1.976425679278305125e+01
9.580000000000007176e+00,2.800000000000000000e+01,1.972663290683539472e+01
9.600000000000008527e+00,2.800000000000000000e+01,1.968684378162061321e+01
9.620000000000008100e+00,2.800000000000000000e+01,1.965185059678022128e+01
9.640000000000007674e+00,2.900000000000000000e+01,1.962435023667463696e+01
9.660000000000007248e+00,2.900000000000000000e+01,1.960509049075400867e+01
9.680000000000006821e+00,2.900000000000000000e+01,1.959735761092188611e+01
9.700000000000008171e+00,2.900000000000000000e+01,1.960364729022206376e+01
9.720000000000007745e+00,2.900000000000000000e+01,1.962250532367828626e+01
9.740000000000007319e+00,2.900000000000000000e+01,1.965317244688420217e+01
9.760000000000008669e+00,2.900000000000000000e+01,1.969391996857841320e+01
9.780000000000008242e+00,2.900000000000000000e+01,1.973816299181670786e+01
9.800000000000007816e+00,2.900000000000000000e+01,1.978216832116769908e+01
9.820000000000007390e+00,2.900000000000000000e+01,1.981912887237183796e+01
9.840000000000006963e+00,2.900000000000000000e+01,1.984564435363130386e+01
9.860000000000008313e+00,2.900000000000000000e+01,1.985974981682950258e+01
9.880000000000007887e+00,2.900000000000000000e+01,1.986032404147907826e+01
9.900000000000007461e+00,2.900000000000000000e+01,1.984864139201227928e+01
9.920000000000008811e+00,2.900000000000000000e+01,1.982633266141538542e+01
9.940000000000008384e+00,2.900000000000000000e+01,1.979615369317733453e+01
9.960000000000007958e+00,2.900000000000000000e+01,1.976087442096837776e+01
9.980000000000007532e+00,2.900000000000000000e+01,1.972331142501176870e+01
1.000000000000000711e+01,2.900000000000000000e+01,1.968655997206692732e+01
1.002000000000000846e+01,2.900000000000000000e+01,1.965322304999405745e+01
1.004000000000000803e+01,3.000000000000000000e+01,1.962664964835869696e+01
1.006000000000000760e+01,3.000000000000000000e+01,1.960896292639747784e+01
1.008000000000000895e+01,3.000000000000000000e+01,1.960236958582757083e+01
1.010000000000000853e+01,3.000000000000000000e+01,1.960851454301581498e+01
1.012000000000000810e+01,3.000000000000000000e+01,1.962762227592735798e+01
1.014000000000000767e+01,3.000000000000000000e+01,1.965718938449886721e+01
1.016000000000000725e+01,3.000000000000000000e+01,1.969676735770789122e+01
1.018000000000000860e+01,3.000000000000000000e+01,1.974031822592058560e+01
1.020000000000000817e+01,3.000000000000000000e+01,1.978130415271883891e+01
1.022000000000000774e+01,3.000000000000000000e+01,1.981689533435797657e+01
1.024000000000000909e+01,3.000000000000000000e+01,1.983710826525373605e+01
1.026000000000000867e+01,3.000000000000000000e+01,1.985488688339856012e+01
1.028000000000000824e+01,3.000000000000000000e+01,1.985514769958683345e+01
1.030000000000000782e+01,3.000000000000000000e+01,1.984213825879925963e+01
1.032000000000000739e+01,3.000000000000000000e+01,1.982134009900776661e+01
1.034000000000000874e+01,3.000000000000000000e+01,1.979256041133614730e+01
1.036000000000000831e+01,3.000000000000000000e+01,1.975757184702322888e+01
1.038000000000000789e+01,3.000000000000000000e+01,1.972185377649097404e+01
1.040000000000000924e+01,3.000000000000000000e+01,1.968781671195822369e+01
1.042000000000000881e+01,3.000000000000000000e+01,1.965483870633501340e+01
1.044000000000000838e+01,3.100000000000000000e+01,1.962955671611883446e+01
1.046000000000000796e+01,3.100000000000000000e+01,1.960874660986122819e+01
1.048000000000000753e+01,3.100000000000000000e+01,1.960710403538434221e+01
1.050000000000000888e+01,3.100000000000000000e+01,1.961363984609697653e+01
1.052000000000000846e+01,3.100000000000000000e+01,1.963169926776427587e+01
1.054000000000000803e+01,3.100000000000000000e+01,1.966206834410163040e+01
1.056000000000000938e+01,3.100000000000000000e+01,1.970019530988002643e+01
1.058000000000000895e+01,3.100000000000000000e+01,1.974104082534548965e+01
1.060000000000000853e+01,3.100000000000000000e+01,1.978117921991190542e+01
1.062000000000000810e+01,3.100000000000000000e+01,1.981531329377897421e+01
1.064000000000000767e+01,3.100000000000000000e+01,1.983850998618082428e+01
1.066000000000000902e+01,3.100000000000000000e+01,1.985083939922073171e+01
1.068000000000000860e+01,3.100000000000000000e+01,1.984855678209595808e+01
1.070000000000000817e+01,3.100000000000000000e+01,1.983814616137227915e+01
1.072000000000000952e+01,3.100000000000000000e+01,1.981668521565188357e+01
1.074000000000000909e+01,3.100000000000000000e+01,1.978819917390846328e+01
1.076000000000000867e+01,3.100000000000000000e+01,1.975521769118825688e+01
1.078000000000000824e+01,3.100000000000000000e+01,1.972042892762808819e+01
1.080000000000000782e+01,3.100000000000000000e+01,1.968657063633690996e+01
1.082000000000000917e+01,3.100000000000000000e+01,1.965618806636464555e+01
1.084000000000000874e+01,3.200000000000000000e+01,1.963195002967105651e+01
1.086000000000000831e+01,3.200000000000000000e+01,1.961661568002134715e+01
1.088000000000000966e+01,3.200000000000000000e+01,1.961156600576954290e+01
1.090000000000000924e+01,3.200000000000000000e+01,1.961823318640647429e+01
1.092000000000000881e+01,3.200000000000000000e+01,1.963686804276691689e+01
1.094000000000000838e+01,3.200000000000000000e+01,1.966585093727626088e+01
1.096000000000000796e+01,3.200000000000000000e+01,1.970301675050464851e+01
1.098000000000000931e+01,3.200000000000000000e+01,1.974245278833592820e+01
1.100000000000000888e+01,3.200000000000000000e+01,1.978055397631751688e+01
1.102000000000000846e+01,3.200000000000000000e+01,1.981333046068702686e+01
1.104000000000000981e+01,3.200000000000000000e+01,1.983525487068466120e+01
1.106000000000000938e+01,3.200000000000000000e+01,1.984557444522226888e+01
1.108000000000000895e+01,3.200000000000000000e+01,1.984547830353653453e+01
1.110000000000000853e+01,3.200000000000000000e+01,1.983318415583827843e+01
1.112000000000000810e+01,3.200000000000000000e+01,1.982009640909836179e+01
1.114000000000000945e+01,3.200000000000000000e+01,1.978451473837380092e+01
1.116000000000000902e+01,3.200000000000000000e+01,1.975223427893784844e+01
1.118000000000000860e+01,3.200000000000000000e+01,1.971934106319203295e+01
1.120000000000000995e+01,3.200000000000000000e+01,1.968627291372014554e+01
1.122000000000000952e+01,3.200000000000000000e+01,1.965687698965142971e+01
1.124000000000000909e+01,3.300000000000000000e+01,1.963453543084049002e+01
1.126000000000000867e+01,3.300000000000000000e+01,1.961965370369556894e+01
1.128000000000000824e+01,3.300000000000000000e+01,1.961506275694044987e+01
1.130000000000000959e+01,3.300000000000000000e+01,1.962236395881539153e+01
1.132000000000000917e+01,3.300000000000000000e+01,1.964062228259671627e+01
1.134000000000000874e+01,3.300000000000000000e+01,1.968516710703632810e+01
1.136000000000001009e+01,3.300000000000000000e+01,1.970476401445341352e+01
1.138000000000000966e+01,3.300000000000000000e+01,1.974319636991415194e+01
1.140000000000000924e+01,3.300000000000000000e+01,1.978044572663297629e+01
1.142000000000000881e+01,3.300000000000000000e+01,1.981076562023170951e+01
1.144000000000000838e+01,3.300000000000000000e+01,1.983142870801873059e+01
1.146000000000000973e+01,3.300000000000000000e+01,1.984207843496063006e+01
1.148000000000000931e+01,3.300000000000000000e+01,1.984052401318640335e+01
1.150000000000000888e+01,3.300000000000000000e+01,1.982836964720781481e+01
1.152000000000001023e+01,3.300000000000000000e+01,1.980798702577354220e+01
1.154000000000000981e+01,3.300000000000000000e+01,1.978086900299009088e+01
1.156000000000000938e+01,3.300000000000000000e+01,1.944356318476449985e+01
1.158000000000000895e+01,3.300000000000000000e+01,1.971750112682723000e+01
1.160000000000000853e+01,3.300000000000000000e+01,1.968597789072203597e+01
1.162000000000000988e+01,3.300000000000000000e+01,1.965832687233236697e+01
1.164000000000000945e+01,3.400000000000000000e+01,1.963632195593448060e+01
1.166000000000000902e+01,3.400000000000000000e+01,1.962259111753848373e+01
1.168000000000001037e+01,3.400000000000000000e+01,1.961880564883023581e+01
1.170000000000000995e+01,3.400000000000000000e+01,1.962608313262546389e+01
1.172000000000000952e+01,3.400000000000000000e+01,1.964439912469141447e+01
1.174000000000000909e+01,3.400000000000000000e+01,1.967195032230188900e+01
1.176000000000000867e+01,3.400000000000000000e+01,1.970669293029919444e+01
1.178000000000001002e+01,3.400000000000000000e+01,1.972512152742908498e+01
1.180000000000000959e+01,3.400000000000000000e+01,1.977952008337972245e+01
1.182000000000000917e+01,3.400000000000000000e+01,1.980898299825669540e+01
1.184000000000001052e+01,3.400000000000000000e+01,1.982820683746357204e+01
1.186000000000001009e+01,3.400000000000000000e+01,1.983817227761477042e+01
1.188000000000000966e+01,3.400000000000000000e+01,1.983656414521899691e+01
1.190000000000000924e+01,3.400000000000000000e+01,1.982434419614752130e+01
1.192000000000000881e+01,3.400000000000000000e+01,1.980408847186450316e+01
1.194000000000001016e+01,3.400000000000000000e+01,1.977841231966905511e+01
1.196000000000000973e+01,3.400000000000000000e+01,1.974738979550660289e+01
1.198000000000000931e+01,3.400000000000000000e+01,1.971630507811816813e+01
1.200000000000001066e+01,3.400000000000000000e+01,1.968614089193393113e+01
1.202000000000001023e+01,3.400000000000000000e+01,1.965929967814921753e+01
1.204000000000000981e+01,3.500000000000000000e+01,1.963866136160726228e+01
1.206000000000000938e+01,3.500000000000000000e+01,1.962546369850614525e+01
1.208000000000000895e+01,3.500000000000000000e+01,1.962238527891621231e+01
1.210000000000001030e+01,3.500000000000000000e+01,1.963005760192376670e+01
1.212000000000000988e+01,3.500000000000000000e+01,1.964766541414415357e+01
1.214000000000000945e+01,3.500000000000000000e+01,1.967546222061843864e+01
1.216000000000001080e+01,3.500000000000000000e+01,1.970999346614345171e+01
1.218000000000001037e+01,3.500000000000000000e+01,1.974509910566624526e+01
1.220000000000000995e+01,3.500000000000000000e+01,1.977948519791933535e+01
1.222000000000000952e+01,3.500000000000000000e+01,1.981473975545901922e+01
1.224000000000000909e+01,3.500000000000000000e+01,1.982635233122998741e+01
1.226000000000001044e+01,3.500000000000000000e+01,1.983505361745048745e+01
1.228000000000001002e+01,3.500000000000000000e+01,1.983216965772722418e+01
1.230000000000000959e+01,3.500000000000000000e+01,1.982045308499438008e+01
1.232000000000001094e+01,3.500000000000000000e+01,1.980071038298651587e+01
1.234000000000001052e+01,3.500000000000000000e+01,1.977477124775893103e+01
1.236000000000001009e+01,3.500000000000000000e+01,1.974561730768605372e+01
1.238000000000000966e+01,3.500000000000000000e+01,1.971540403970222499e+01
1.240000000000000924e+01,3.500000000000000000e+01,1.968601231886563241e+01
1.242000000000001059e+01,3.500000000000000000e+01,1.966042121539973664e+01
1.244000000000001016e+01,3.600000000000000000e+01,1.964078439798436904e+01
1.246000000000000973e+01,3.600000000000000000e+01,1.962853362596389317e+01
1.248000000000001108e+01,3.600000000000000000e+01,1.962593017671522588e+01
1.250000000000001066e+01,3.600000000000000000e+01,1.963357841691436789e+01
1.252000000000001023e+01,3.600000000000000000e+01,1.965182934132170089e+01
1.254000000000000981e+01,3.600000000000000000e+01,1.967881531870358813e+01
1.256000000000000938e+01,3.600000000000000000e+01,1.971134538944608394e+01
1.258000000000001073e+01,3.600000000000000000e+01,1.974638564462425094e+01
1.260000000000001030e+01,3.600000000000000000e+01,1.977907413628178190e+01
1.262000000000000988e+01,3.600000000000000000e+01,1.980617930460680398e+01
1.264000000000001123e+01,3.600000000000000000e+01,1.982378745935833564e+01
1.266000000000001080e+01,3.600000000000000000e+01,1.983011103808616937e+01
1.268000000000001037e+01,3.600000000000000000e+01,1.982876044284556016e+01
1.270000000000000995e+01,3.600000000000000000e+01,1.981672068881130500e+01
1.272000000000000952e+01,3.600000000000000000e+01,1.979747795548237477e+01
1.274000000000001087e+01,3.600000000000000000e+01,1.977201311002749762e+01
1.276000000000001044e+01,3.600000000000000000e+01,1.974329078638944068e+01
1.278000000000001002e+01,3.600000000000000000e+01,1.971428188257054970e+01
1.280000000000001137e+01,3.600000000000000000e+01,1.968597292327157788e+01
1.282000000000001094e+01,3.600000000000000000e+01,1.966092414623780016e+01
1.284000000000001052e+01,3.700000000000000000e+01,1.964253310375906381e+01
1.286000000000001009e+01,3.700000000000000000e+01,1.963106396810097465e+01
1.288000000000000966e+01,3.700000000000000000e+01,1.962604376339343304e+01
1.290000000000001101e+01,3.700000000000000000e+01,1.963697958131855259e+01
1.292000000000001059e+01,3.700000000000000000e+01,1.965468528952947125e+01
1.294000000000001016e+01,3.700000000000000000e+01,1.968214719337130703e+01
1.296000000000001151e+01,3.700000000000000000e+01,1.971325036892345040e+01
1.298000000000001108e+01,3.700000000000000000e+01,1.974669224063647022e+01
1.300000000000001066e+01,3.700000000000000000e+01,1.977874680589891199e+01
1.302000000000001023e+01,3.700000000000000000e+01,1.980425870138058642e+01
1.304000000000000981e+01,3.700000000000000000e+01,1.982101919588594541e+01
1.306000000000001116e+01,3.700000000000000000e+01,1.982828579162232785e+01
1.308000000000001073e+01,3.700000000000000000e+01,1.982498275914933217e+01
1.310000000000001030e+01,3.700000000000000000e+01,1.981114794356415487e+01
1.312000000000001165e+01,3.700000000000000000e+01,1.979382475165777322e+01
1.314000000000001123e+01,3.700000000000000000e+01,1.976909457955621718e+01
1.316000000000001080e+01,3.700000000000000000e+01,1.974175019491995542e+01
1.318000000000001037e+01,3.700000000000000000e+01,1.971302257086463072e+01
1.320000000000000995e+01,3.700000000000000000e+01,1.968577275941857252e+01
1.322000000000001130e+01,3.700000000000000000e+01,1.966219630504194882e+01
1.324000000000001087e+01,3.800000000000000000e+01,1.964396312846384873e+01
1.326000000000001044e+01,3.800000000000000000e+01,1.963328395631413414e+01
1.328000000000001180e+01,3.800000000000000000e+01,1.963180007358294787e+01
1.330000000000001137e+01,3.800000000000000000e+01,1.963993204561789341e+01
1.332000000000001094e+01,3.800000000000000000e+01,1.965614466626849577e+01
1.334000000000001052e+01,3.800000000000000000e+01,1.968346745226277150e+01
1.336000000000001009e+01,3.800000000000000000e+01,1.971466858642235920e+01
1.338000000000001144e+01,3.800000000000000000e+01,1.974778522577189221e+01
1.340000000000001101e+01,3.800000000000000000e+01,1.977815405544062344e+01
1.342000000000001059e+01,3.800000000000000000e+01,1.980272005683577063e+01
1.344000000000001194e+01,3.800000000000000000e+01,1.981863192740439317e+01
1.346000000000001151e+01,3.800000000000000000e+01,1.982505653116979616e+01
1.348000000000001108e+01,3.800000000000000000e+01,1.982192604049854623e+01
1.350000000000001066e+01,3.800000000000000000e+01,1.980934474397058409e+01
1.352000000000001023e+01,3.800000000000000000e+01,1.979067701527898393e+01
1.354000000000001158e+01,3.800000000000000000e+01,1.976719553328640089e+01
1.356000000000001116e+01,3.800000000000000000e+01,1.973965379485090210e+01
1.358000000000001073e+01,3.800000000000000000e+01,1.971216004364953278e+01
1.360000000000001208e+01,3.800000000000000000e+01,1.968555226782943279e+01
1.362000000000001165e+01,3.800000000000000000e+01,1.966302927267877720e+01
1.364000000000001123e+01,3.900000000000000000e+01,1.964579870662561234e+01
1.366000000000001080e+01,3.900000000000000000e+01,1.963566250630980647e+01
1.368000000000001037e+01,3.900000000000000000e+01,1.963459386309057564e+01
1.370000000000001172e+01,3.900000000000000000e+01,1.964311921604609879e+01
1.372000000000001130e+01,3.900000000000000000e+01,1.966064423288932872e+01
1.374000000000001087e+01,3.900000000000000000e+01,1.968610577645924309e+01
1.376000000000001222e+01,3.900000000000000000e+01,1.971905293971850526e+01
1.378000000000001180e+01,3.900000000000000000e+01,1.974841042565315874e+01
1.380000000000001137e+01,3.900000000000000000e+01,1.977803753971280543e+01
1.382000000000001094e+01,3.900000000000000000e+01,1.980030544940052195e+01
1.384000000000001052e+01,3.900000000000000000e+01,1.981664444819670479e+01
1.386000000000001187e+01,3.900000000000000000e+01,1.982276669388877721e+01
1.388000000000001144e+01,3.900000000000000000e+01,1.981843109505719269e+01
1.390000000000001101e+01,3.900000000000000000e+01,1.980671144395047278e+01
1.392000000000001236e+01,3.900000000000000000e+01,1.978808136440715160e+01
1.394000000000001194e+01,3.900000000000000000e+01,1.976436986669005691e+01
1.396000000000001151e+01,3.900000000000000000e+01,1.973825805068396377e+01
1.398000000000001108e+01,3.900000000000000000e+01,1.971186514833285486e+01
1.400000000000001066e+01,3.900000000000000000e+01,1.968586184579596932e+01
1.402000000000001201e+01,4.000000000000000000e+01,1.966399374401971656e+01
1.404000000000001158e+01,4.000000000000000000e+01,1.964708259457385253e+01
1.406000000000001116e+01,4.000000000000000000e+01,1.963814840942254492e+01
1.408000000000001251e+01,4.000000000000000000e+01,1.963744043871029987e+01
1.410000000000001208e+01,4.000000000000000000e+01,1.964586435653358620e+01
1.412000000000001165e+01,4.000000000000000000e+01,1.966357818763507481e+01
1.414000000000001123e+01,4.000000000000000000e+01,1.968866455906150037e+01
1.416000000000001080e+01,4.000000000000000000e+01,1.971837534682957482e+01
1.418000000000001215e+01,4.000000000000000000e+01,1.974942315115618996e+01
1.420000000000001172e+01,4.000000000000000000e+01,1.977814807346177872e+01
1.422000000000001130e+01,4.000000000000000000e+01,1.980030487452034293e+01
1.424000000000001265e+01,4.000000000000000000e+01,1.981463934466840371e+01
1.426000000000001222e+01,4.000000000000000000e+01,1.981967225307775493e+01
1.428000000000001180e+01,4.000000000000000000e+01,1.981580585963949659e+01
1.430000000000001137e+01,4.000000000000000000e+01,1.980376453383238911e+01
1.432000000000001094e+01,4.000000000000000000e+01,1.978555908132918617e+01
1.434000000000001229e+01,4.000000000000000000e+01,1.976234458184060472e+01
1.436000000000001187e+01,4.000000000000000000e+01,1.973658849592666087e+01
1.438000000000001144e+01,4.000000000000000000e+01,1.971067251613440874e+01
1.440000000000001279e+01,4.000000000000000000e+01,1.968589388403832174e+01
1.442000000000001236e+01,4.100000000000000000e+01,1.966448399738242969e+01
1.444000000000001194e+01,4.100000000000000000e+01,1.964913270349228114e+01
1.446000000000001151e+01,4.100000000000000000e+01,1.964028470669338589e+01
1.448000000000001108e+01,4.100000000000000000e+01,1.964040961655468820e+01
1.450000000000001243e+01,4.100000000000000000e+01,1.964877994846147047e+01
1.452000000000001201e+01,4.100000000000000000e+01,1.966612449113296535e+01
1.454000000000001158e+01,4.100000000000000000e+01,1.969089383507940738e+01
1.456000000000001293e+01,4.100000000000000000e+01,1.972000744837620090e+01
1.458000000000001251e+01,4.100000000000000000e+01,1.974963866963816272e+01
1.460000000000001208e+01,4.100000000000000000e+01,1.977752934037620491e+01
1.462000000000001165e+01,4.100000000000000000e+01,1.979900609789785904e+01
1.464000000000001123e+01,4.100000000000000000e+01,1.981151010396376577e+01
1.466000000000001258e+01,4.100000000000000000e+01,1.981723777121790064e+01
1.468000000000001215e+01,4.100000000000000000e+01,1.981279702996201308e+01
1.470000000000001172e+01,4.100000000000000000e+01,1.980138153273376744e+01
1.472000000000001307e+01,4.100000000000000000e+01,1.978261648886070745e+01
1.474000000000001265e+01,4.100000000000000000e+01,1.976002665238691236e+01
1.476000000000001222e+01,4.100000000000000000e+01,1.973528097916151935e+01
1.478000000000001180e+01,4.100000000000000000e+01,1.970964586575379229e+01
1.480000000000001137e+01,4.100000000000000000e+01,1.968572721571688078e+01
1.482000000000001272e+01,4.200000000000000000e+01,1.966548414873114226e+01
1.484000000000001229e+01,4.200000000000000000e+01,1.965034271210803141e+01
1.486000000000001187e+01,4.200000000000000000e+01,1.964162203433004095e+01
1.488000000000001322e+01,4.200000000000000000e+01,1.964239622937889962e+01
1.490000000000001279e+01,4.200000000000000000e+01,1.965113616062871316e+01
1.492000000000001236e+01,4.200000000000000000e+01,1.966950038376220888e+01
1.494000000000001194e+01,4.200000000000000000e+01,1.969278288860637005e+01
1.496000000000001151e+01,4.200000000000000000e+01,1.972127401167824701e+01
1.498000000000001286e+01,4.200000000000000000e+01,1.975069230263458664e+01
1.500000000000001243e+01,4.200000000000000000e+01,1.977687072138045110e+01
1.502000000000001201e+01,4.200000000000000000e+01,1.979774000432964343e+01
1.504000000000001336e+01,4.200000000000000000e+01,1.981050279536933090e+01
1.506000000000001293e+01,4.200000000000000000e+01,1.981452284211926695e+01
1.508000000000001251e+01,4.200000000000000000e+01,1.980988129610291892e+01
1.510000000000001208e+01,4.200000000000000000e+01,1.979784325204409967e+01
1.512000000000001165e+01,4.200000000000000000e+01,1.978010159456840711e+01
1.514000000000001300e+01,4.200000000000000000e+01,1.975709666146341448e+01
1.516000000000001258e+01,4.200000000000000000e+01,1.973348861458707404e+01
1.518000000000001215e+01,4.200000000000000000e+01,1.970894783578449250e+01
1.520000000000001350e+01,4.200000000000000000e+01,1.968578001402486777e+01
1.522000000000001307e+01,4.300000000000000000e+01,1.966608989818944053e+01
1.524000000000001265e+01,4.300000000000000000e+01,1.965178308133442187e+01
1.526000000000001222e+01,4.300000000000000000e+01,1.964406771795988504e+01
1.528000000000001180e+01,4.300000000000000000e+01,1.964462583374500682e+01
1.530000000000001315e+01,4.300000000000000000e+01,1.965374424705233380e+01
1.532000000000001272e+01,4.300000000000000000e+01,1.967074345589549011e+01
1.534000000000001229e+01,4.300000000000000000e+01,1.969481974102270527e+01
1.536000000000001364e+01,4.300000000000000000e+01,1.972182004018669943e+01
1.538000000000001322e+01,4.300000000000000000e+01,1.975107306452415301e+01
1.540000000000001279e+01,4.300000000000000000e+01,1.977692688109291552e+01
1.542000000000001236e+01,4.300000000000000000e+01,1.979633954484062386e+01
1.544000000000001194e+01,4.300000000000000000e+01,1.980872989789054728e+01
1.546000000000001329e+01,4.300000000000000000e+01,1.981241741032530612e+01
1.548000000000001286e+01,4.300000000000000000e+01,1.980736311121758675e+01
1.550000000000001243e+01,4.300000000000000000e+01,1.979559480265082172e+01
1.552000000000001378e+01,4.300000000000000000e+01,1.977853076284565148e+01
1.554000000000001336e+01,4.300000000000000000e+01,1.975609718171474327e+01
1.556000000000001293e+01,4.300000000000000000e+01,1.973240290408139685e+01
1.558000000000001251e+01,4.300000000000000000e+01,1.970720055470455989e+01
1.560000000000001208e+01,4.300000000000000000e+01,1.968586489565620568e+01
1.562000000000001343e+01,4.400000000000000000e+01,1.966692959207404456e+01
1.564000000000001300e+01,4.400000000000000000e+01,1.965277950107237004e+01
1.566000000000001258e+01,4.400000000000000000e+01,1.964607062797781722e+01
1.568000000000001393e+01,4.400000000000000000e+01,1.964730153470569007e+01
1.570000000000001350e+01,4.400000000000000000e+01,1.965609389582890998e+01
1.572000000000001307e+01,4.400000000000000000e+01,1.967345348048013776e+01
1.574000000000001265e+01,4.400000000000000000e+01,1.969749964569333400e+01
1.576000000000001222e+01,4.400000000000000000e+01,1.972405911733090278e+01
1.578000000000001357e+01,4.400000000000000000e+01,1.975185723156291928e+01
1.580000000000001315e+01,4.400000000000000000e+01,1.977415314567358351e+01
1.582000000000001272e+01,4.400000000000000000e+01,1.979570052108661571e+01
1.584000000000001407e+01,4.400000000000000000e+01,1.980721139153118315e+01
1.586000000000001364e+01,4.400000000000000000e+01,1.981005797976071747e+01
1.588000000000001322e+01,4.400000000000000000e+01,1.980536091173508950e+01
1.590000000000001279e+01,4.400000000000000000e+01,1.979337391134884783e+01
1.592000000000001236e+01,4.400000000000000000e+01,1.977564643104438247e+01
1.594000000000001371e+01,4.400000000000000000e+01,1.975448659287711450e+01
1.596000000000001329e+01,4.400000000000000000e+01,1.973108524115800932e+01
1.598000000000001286e+01,4.400000000000000000e+01,1.970785626027530668e+01
1.600000000000001421e+01,4.400000000000000000e+01,1.968599183993054424e+01
1.602000000000001378e+01,4.500000000000000000e+01,1.966755882649163567e+01
1.604000000000001336e+01,4.500000000000000000e+01,1.965455353171787678e+01
1.606000000000001293e+01,4.500000000000000000e+01,1.964806589813808202e+01
1.608000000000001251e+01,4.500000000000000000e+01,1.964911550859256550e+01
1.610000000000001563e+01,4.500000000000000000e+01,1.965852664508861025e+01
1.612000000000001165e+01,4.500000000000000000e+01,1.967558042889414338e+01
1.614000000000001478e+01,4.500000000000000000e+01,1.969908250369915947e+01
1.616000000000001435e+01,4.500000000000000000e+01,1.972537142528653575e+01
1.618000000000001393e+01,4.500000000000000000e+01,1.975225323728456672e+01
1.620000000000001350e+01,4.500000000000000000e+01,1.977652228519544764e+01
1.622000000000001307e+01,4.500000000000000000e+01,1.979462484064172401e+01
1.624000000000001265e+01,4.500000000000000000e+01,1.980529127654213184e+01
1.626000000000001222e+01,4.500000000000000000e+01,1.980800594194667141e+01
1.628000000000001535e+01,4.500000000000000000e+01,1.980269439647723928e+01
1.630000000000001137e+01,4.500000000000000000e+01,1.979099168427003264e+01
1.632000000000001450e+01,4.500000000000000000e+01,1.977350824236641103e+01
1.634000000000001407e+01,4.500000000000000000e+01,1.975255654915774528e+01
1.636000000000001364e+01,4.500000000000000000e+01,1.972994657866664880e+01
1.638000000000001322e+01,4.500000000000000000e+01,1.970705627161369833e+01
1.640000000000001279e+01,4.500000000000000000e+01,1.968562178337768032e+01
1.642000000000001592e+01,4.600000000000000000e+01,1.966832893379583780e+01
1.644000000000001194e+01,4.600000000000000000e+01,1.965569948316627347e+01
1.646000000000001506e+01,4.600000000000000000e+01,1.965268328124852815e+01
1.648000000000001464e+01,4.600000000000000000e+01,1.965119615015579768e+01
1.650000000000001421e+01,4.600000000000000000e+01,1.966059408426219335e+01
1.652000000000001378e+01,4.600000000000000000e+01,1.967810589131333288e+01
1.654000000000001336e+01,4.600000000000000000e+01,1.970039182967811087e+01
1.656000000000001293e+01,4.600000000000000000e+01,1.972628856209960801e+01
1.658000000000001251e+01,4.600000000000000000e+01,1.975294581878902278e+01
1.660000000000001563e+01,4.600000000000000000e+01,1.977583036179231257e+01
1.662000000000001165e+01,4.600000000000000000e+01,1.979273104680643769e+01
1.664000000000001478e+01,4.600000000000000000e+01,1.980369314500034150e+01
1.666000000000001435e+01,4.600000000000000000e+01,1.980571535198061284e+01
1.668000000000001393e+01,4.600000000000000000e+01,1.979996992499213704e+01
1.670000000000001350e+01,4.600000000000000000e+01,1.978840805600075470e+01
1.672000000000001307e+01,4.600000000000000000e+01,1.977120274425067947e+01
1.674000000000001620e+01,4.600000000000000000e+01,1.975073609623796855e+01
1.676000000000001222e+01,4.600000000000000000e+01,1.972856296709433011e+01
1.678000000000001535e+01,4.600000000000000000e+01,1.970635383032545107e+01
1.680000000000001492e+01,4.600000000000000000e+01,1.968591552241025866e+01
1.682000000000001450e+01,4.700000000000000000e+01,1.966879186113187927e+01
1.684000000000001407e+01,4.700000000000000000e+01,1.965666598743715454e+01
1.686000000000001364e+01,4.700000000000000000e+01,1.965130924411840851e+01
1.688000000000001322e+01,4.700000000000000000e+01,1.965312476468989189e+01
1.690000000000001279e+01,4.700000000000000000e+01,1.965993402165188542e+01
1.692000000000001592e+01,4.700000000000000000e+01,1.967956553132110287e+01
1.694000000000001194e+01,4.700000000000000000e+01,1.970195488101259329e+01
1.696000000000001506e+01,4.700000000000000000e+01,1.972761651490131385e+01
1.698000000000001464e+01,4.700000000000000000e+01,1.975321586045124533e+01
1.700000000000001421e+01,4.700000000000000000e+01,1.977577667268731076e+01
1.702000000000001378e+01,4.700000000000000000e+01,1.979210924776654679e+01
1.704000000000001336e+01,4.700000000000000000e+01,1.980201963679655819e+01
1.706000000000001293e+01,4.700000000000000000e+01,1.980440512889679638e+01
1.708000000000001251e+01,4.700000000000000000e+01,1.979827352092080162e+01
1.710000000000001563e+01,4.700000000000000000e+01,1.978636931146789735e+01
1.712000000000001521e+01,4.700000000000000000e+01,1.975167228744675540e+01
1.714000000000001478e+01,4.700000000000000000e+01,1.974932307209473237e+01
1.716000000000001435e+01,4.700000000000000000e+01,1.972762214919510981e+01
1.718000000000001393e+01,4.700000000000000000e+01,1.970576557940532680e+01
1.720000000000001350e+01,4.700000000000000000e+01,1.968599739003009574e+01
1.722000000000001307e+01,4.800000000000000000e+01,1.966960452968199391e+01
1.724000000000001620e+01,4.800000000000000000e+01,1.965778498576185740e+01
1.726000000000001577e+01,4.800000000000000000e+01,1.965296221420639355e+01
1.728000000000001535e+01,4.800000000000000000e+01,1.965543526111254380e+01
1.730000000000001492e+01,4.800000000000000000e+01,1.966471308585775191e+01
1.732000000000001450e+01,4.800000000000000000e+01,1.968168415313584774e+01
1.734000000000001407e+01,4.800000000000000000e+01,1.940667118071112185e+01
1.736000000000001364e+01,4.800000000000000000e+01,1.972882119883152896e+01
1.738000000000001322e+01,4.800000000000000000e+01,1.975392716008757787e+01
1.740000000000001279e+01,4.800000000000000000e+01,1.977504551518568121e+01
1.742000000000001592e+01,4.800000000000000000e+01,1.979165726889183574e+01
1.744000000000001549e+01,4.800000000000000000e+01,1.980077531107913913e+01
1.746000000000001506e+01,4.800000000000000000e+01,1.980196845142552675e+01
1.748000000000001464e+01,4.800000000000000000e+01,1.979640369859103188e+01
1.750000000000001421e+01,4.800000000000000000e+01,1.978469562298218776e+01
1.752000000000001378e+01,4.800000000000000000e+01,1.976778765795959458e+01
1.754000000000001336e+01,4.800000000000000000e+01,1.974796007388921737e+01
1.756000000000001648e+01,4.800000000000000000e+01,1.970460586124008628e+01
1.758000000000001606e+01,4.800000000000000000e+01,1.970544389820103248e+01
1.760000000000001563e+01,4.800000000000000000e+01,1.968614783809615787e+01
1.762000000000001521e+01,4.900000000000000000e+01,1.967017940429473910e+01
1.764000000000001478e+01,4.900000000000000000e+01,1.965930233215593148e+01
1.766000000000001435e+01,4.900000000000000000e+01,1.965465552497983026e+01
1.768000000000001393e+01,4.900000000000000000e+01,1.965698531117105929e+01
1.770000000000001350e+01,4.900000000000000000e+01,1.966689016059790873e+01
1.772000000000001307e+01,4.900000000000000000e+01,1.968369328262547313e+01
1.774000000000001620e+01,4.900000000000000000e+01,1.970539265117274041e+01
1.776000000000001577e+01,4.900000000000000000e+01,1.973011944917027094e+01
1.778000000000001535e+01,4.900000000000000000e+01,1.974918570488781100e+01
1.780000000000001492e+01,4.900000000000000000e+01,1.977547746248806249e+01
1.782000000000001450e+01,4.900000000000000000e+01,1.979082558074220444e+01
1.784000000000001407e+01,4.900000000000000000e+01,1.979979784640181251e+01
1.786000000000001364e+01,4.900000000000000000e+01,1.980037682977495805e+01
1.788000000000001677e+01,4.900000000000000000e+01,1.979425200176478228e+01
1.790000000000001634e+01,4.900000000000000000e+01,1.978264171212029154e+01
1.792000000000001592e+01,4.900000000000000000e+01,1.976592111816866293e+01
1.794000000000001549e+01,4.900000000000000000e+01,1.974627843688005413e+01
1.796000000000001506e+01,4.900000000000000000e+01,1.972565654227955889e+01
1.798000000000001464e+01,4.900000000000000000e+01,1.970492077536688669e+01
1.800000000000001421e+01,4.900000000000000000e+01,1.968391442463511254e+01
1.802000000000001378e+01,5.000000000000000000e+01,1.967082446320582534e+01
1.804000000000001336e+01,5.000000000000000000e+01,1.966029073318460618e+01
1.806000000000001648e+01,5.000000000000000000e+01,1.965635399579805664e+01
1.808000000000001606e+01,5.000000000000000000e+01,1.965879720116761931e+01
1.810000000000001563e+01,5.000000000000000000e+01,1.966865088352327717e+01
1.812000000000001521e+01,5.000000000000000000e+01,1.968556929812110567e+01
1.814000000000001478e+01,5.000000000000000000e+01,1.970686112489613251e+01
1.816000000000001435e+01,5.000000000000000000e+01,1.973042446919748016e+01
1.818000000000001393e+01,5.000000000000000000e+01,1.975472910104455693e+01
1.820000000000001705e+01,5.000000000000000000e+01,1.977483096675142704e+01
1.822000000000001663e+01,5.000000000000000000e+01,1.978564689210903182e+01
1.824000000000001620e+01,5.000000000000000000e+01,1.979779912068330461e+01
1.826000000000001577e+01,5.000000000000000000e+01,1.979841562006651756e+01
1.828000000000001535e+01,5.000000000000000000e+01,1.979275926238807770e+01
1.830000000000001492e+01,5.000000000000000000e+01,1.978039145718155467e+01
1.832000000000001450e+01,5.000000000000000000e+01,1.976405412029372499e+01
1.834000000000001407e+01,5.000000000000000000e+01,1.974503017595680276e+01
1.836000000000001364e+01,5.000000000000000000e+01,1.972451505569823382e+01
1.838000000000001677e+01,5.000000000000000000e+01,1.970417373443854814e+01
1.840000000000001634e+01,5.000000000000000000e+01,1.968621339224431210e+01
1.842000000000001592e+01,5.100000000000000000e+01,1.967124403073612271e+01
1.844000000000001549e+01,5.100000000000000000e+01,1.965981840373850531e+01
1.846000000000001506e+01,5.100000000000000000e+01,1.965742760024578573e+01
1.848000000000001464e+01,5.100000000000000000e+01,1.966035517790113119e+01
1.850000000000001421e+01,5.100000000000000000e+01,1.967064133599120268e+01
1.852000000000001734e+01,5.100000000000000000e+01,1.968690777461875285e+01
1.854000000000001691e+01,5.100000000000000000e+01,1.970794785019514705e+01
1.856000000000001648e+01,5.100000000000000000e+01,1.973189987073276086e+01
1.858000000000001606e+01,5.100000000000000000e+01,1.975496107911051169e+01
1.860000000000001563e+01,5.100000000000000000e+01,1.977458962948477961e+01
1.862000000000001521e+01,5.100000000000000000e+01,1.978887295539158231e+01
1.864000000000001478e+01,5.100000000000000000e+01,1.979626646483931651e+01
1.866000000000001435e+01,5.100000000000000000e+01,1.979632478267773976e+01
1.868000000000001393e+01,5.100000000000000000e+01,1.979036859414786775e+01
1.870000000000001705e+01,5.100000000000000000e+01,1.977859208236468191e+01
1.872000000000001663e+01,5.100000000000000000e+01,1.976208665391419572e+01
1.874000000000001620e+01,5.100000000000000000e+01,1.974363871486426092e+01
1.876000000000001577e+01,5.100000000000000000e+01,1.972369188070343426e+01
1.878000000000001535e+01,5.100000000000000000e+01,1.970392653548851314e+01
1.880000000000001492e+01,5.100000000000000000e+01,1.968626823307037554e+01
1.882000000000001450e+01,5.200000000000000000e+01,1.967193451248143532e+01
1.884000000000001762e+01,5.200000000000000000e+01,1.966219606614141568e+01
1.886000000000001720e+01,5.200000000000000000e+01,1.965878098273810437e+01
1.888000000000001677e+01,5.200000000000000000e+01,1.966217954582797134e+01
1.890000000000001634e+01,5.200000000000000000e+01,1.967224459290460103e+01
1.892000000000001592e+01,5.200000000000000000e+01,1.968868273512764588e+01
1.894000000000001549e+01,5.200000000000000000e+01,1.970886325175714404e+01
1.896000000000001506e+01,5.200000000000000000e+01,1.973278799719735233e+01
1.898000000000001464e+01,5.200000000000000000e+01,1.975550496248206400e+01
1.900000000000001421e+01,5.200000000000000000e+01,1.977392854470224748e+01
1.902000000000001734e+01,5.200000000000000000e+01,1.978814785352022199e+01
1.904000000000001691e+01,5.200000000000000000e+01,1.979554953608808532e+01
1.906000000000001648e+01,5.200000000000000000e+01,1.979503495024599857e+01
1.908000000000001606e+01,5.200000000000000000e+01,1.978875079330548559e+01
1.910000000000001563e+01,5.200000000000000000e+01,1.977835856792134805e+01
1.912000000000001521e+01,5.200000000000000000e+01,1.976102993149119413e+01
1.914000000000001478e+01,5.200000000000000000e+01,1.974260317783869922e+01
1.916000000000001791e+01,5.200000000000000000e+01,1.972245126818062033e+01
1.918000000000001748e+01,5.200000000000000000e+01,1.970366637520142916e+01
1.920000000000001705e+01,5.200000000000000000e+01,1.968651195887612460e+01
1.922000000000001663e+01,5.300000000000000000e+01,1.967240074085328772e+01
1.924000000000001620e+01,5.300000000000000000e+01,1.966343660981621611e+01
1.926000000000001577e+01,5.300000000000000000e+01,1.966048792237925014e+01
1.928000000000001535e+01,5.300000000000000000e+01,1.966372696788022623e+01
1.930000000000001492e+01,5.300000000000000000e+01,1.967410603577854999e+01
1.932000000000001450e+01,5.300000000000000000e+01,1.969185542618763662e+01
1.934000000000001762e+01,5.300000000000000000e+01,1.971115385743653547e+01
1.936000000000001720e+01,5.300000000000000000e+01,1.973377546692581674e+01
1.938000000000001677e+01,5.300000000000000000e+01,1.975553717984449875e+01
1.940000000000001634e+01,5.300000000000000000e+01,1.977424308771731987e+01
1.942000000000001592e+01,5.300000000000000000e+01,1.978753390608249418e+01
1.944000000000001549e+01,5.300000000000000000e+01,1.979387917928950102e+01
1.946000000000001506e+01,5.300000000000000000e+01,1.979366967600353533e+01
1.948000000000001819e+01,5.300000000000000000e+01,1.978701126979539993e+01
1.950000000000001776e+01,5.300000000000000000e+01,1.977535274182576686e+01
1.952000000000001734e+01,5.300000000000000000e+01,1.975952829399393451e+01
1.954000000000001691e+01,5.300000000000000000e+01,1.974070558382674534e+01
1.956000000000001648e+01,5.300000000000000000e+01,1.972204247924555887e+01
1.958000000000001606e+01,5.300000000000000000e+01,1.970327431882713398e+01
1.960000000000001563e+01,5.300000000000000000e+01,1.968659642853407732e+01
1.962000000000001521e+01,5.400000000000000000e+01,1.967307913288523835e+01
1.964000000000001478e+01,5.400000000000000000e+01,1.966440356752854512e+01
1.966000000000001791e+01,5.400000000000000000e+01,1.966167055074893710e+01
1.968000000000001748e+01,5.400000000000000000e+01,1.966535304391040739e+01
1.970000000000001705e+01,5.400000000000000000e+01,1.967551830132714130e+01
1.972000000000001663e+01,5.400000000000000000e+01,1.969213954316431625e+01
1.974000000000001620e+01,5.400000000000000000e+01,1.971236066341545623e+01
1.976000000000001577e+01,5.400000000000000000e+01,1.973403563127581606e+01
1.978000000000001535e+01,5.400000000000000000e+01,1.975617321720380914e+01
1.980000000000001847e+01,5.400000000000000000e+01,1.977392762464704390e+01
1.982000000000001805e+01,5.400000000000000000e+01,1.978740084730230109e+01
1.984000000000001762e+01,5.400000000000000000e+01,1.979263069207895498e+01
1.986000000000001720e+01,5.400000000000000000e+01,1.979173192866786835e+01
1.988000000000001677e+01,5.400000000000000000e+01,1.978556150832287841e+01
1.990000000000001634e+01,5.400000000000000000e+01,1.977353328831370050e+01
1.992000000000001592e+01,5.400000000000000000e+01,1.975770224434016953e+01
1.994000000000001549e+01,5.400000000000000000e+01,1.974010162202531404e+01
1.996000000000001506e+01,5.400000000000000000e+01,1.972112717215081901e+01
1.998000000000001819e+01,5.400000000000000000e+01,1.970233369658916800e+01
2.000000000000001776e+01,5.400000000000000000e+01,1.968648670621598384e+01
