omega,lmax_eff_current
1.000000000000000000e+00,7.000000000000000000e+00
1.020000000000000018e+00,7.000000000000000000e+00
1.040000000000000036e+00,7.000000000000000000e+00
1.060000000000000053e+00,7.000000000000000000e+00
1.080000000000000071e+00,7.000000000000000000e+00
1.100000000000000089e+00,7.000000000000000000e+00
1.120000000000000107e+00,7.000000000000000000e+00
1.140000000000000124e+00,7.000000000000000000e+00
1.160000000000000142e+00,7.000000000000000000e+00
1.180000000000000160e+00,7.000000000000000000e+00
1.200000000000000178e+00,7.000000000000000000e+00
1.220000000000000195e+00,7.000000000000000000e+00
1.240000000000000213e+00,7.000000000000000000e+00
1.260000000000000231e+00,7.000000000000000000e+00
1.280000000000000249e+00,7.000000000000000000e+00
1.300000000000000266e+00,7.000000000000000000e+00
1.320000000000000284e+00,8.000000000000000000e+00
1.340000000000000302e+00,8.000000000000000000e+00
1.360000000000000320e+00,8.000000000000000000e+00
1.380000000000000338e+00,8.000000000000000000e+00
1.400000000000000355e+00,8.000000000000000000e+00
1.420000000000000373e+00,8.000000000000000000e+00
1.440000000000000391e+00,8.000000000000000000e+00
1.460000000000000409e+00,8.000000000000000000e+00
1.480000000000000426e+00,8.000000000000000000e+00
1.500000000000000444e+00,8.000000000000000000e+00
1.520000000000000462e+00,8.000000000000000000e+00
1.540000000000000480e+00,8.000000000000000000e+00
1.560000000000000497e+00,8.000000000000000000e+00
1.580000000000000515e+00,8.000000000000000000e+00
1.600000000000000533e+00,8.000000000000000000e+00
1.620000000000000551e+00,8.000000000000000000e+00
1.640000000000000568e+00,8.000000000000000000e+00
1.660000000000000586e+00,8.000000000000000000e+00
1.680000000000000604e+00,8.000000000000000000e+00
1.700000000000000622e+00,9.000000000000000000e+00
1.720000000000000639e+00,9.000000000000000000e+00
1.740000000000000657e+00,9.000000000000000000e+00
1.760000000000000675e+00,9.000000000000000000e+00
1.780000000000000693e+00,9.000000000000000000e+00
1.800000000000000711e+00,9.000000000000000000e+00
1.820000000000000728e+00,9.000000000000000000e+00
1.840000000000000746e+00,9.000000000000000000e+00
1.860000000000000764e+00,9.000000000000000000e+00
1.880000000000000782e+00,9.000000000000000000e+00
1.900000000000000799e+00,9.000000000000000000e+00
1.920000000000000817e+00,9.000000000000000000e+00
1.940000000000000835e+00,9.000000000000000000e+00
1.960000000000000853e+00,9.000000000000000000e+00
1.980000000000000870e+00,9.000000000000000000e+00
2.000000000000000888e+00,9.000000000000000000e+00
2.020000000000000906e+00,9.000000000000000000e+00
2.040000000000000924e+00,9.000000000000000000e+00
2.060000000000000941e+00,9.000000000000000000e+00
2.080000000000000959e+00,9.000000000000000000e+00
2.100000000000000977e+00,1.000000000000000000e+01
2.120000000000000995e+00,1.000000000000000000e+01
2.140000000000001013e+00,1.000000000000000000e+01
2.160000000000001030e+00,1.000000000000000000e+01
2.180000000000001048e+00,1.000000000000000000e+01
2.200000000000001066e+00,1.000000000000000000e+01
2.220000000000001084e+00,1.000000000000000000e+01
2.240000000000001101e+00,1.000000000000000000e+01
2.260000000000001119e+00,1.000000000000000000e+01
2.280000000000001137e+00,1.000000000000000000e+01
2.300000000000001155e+00,1.000000000000000000e+01
2.320000000000001172e+00,1.000000000000000000e+01
2.340000000000001190e+00,1.000000000000000000e+01
2.360000000000001208e+00,1.000000000000000000e+01
2.380000000000001226e+00,1.000000000000000000e+01
2.400000000000001243e+00,1.000000000000000000e+01
2.420000000000001261e+00,1.000000000000000000e+01
2.440000000000001279e+00,1.000000000000000000e+01
2.460000000000001297e+00,1.000000000000000000e+01
2.480000000000001315e+00,1.100000000000000000e+01
2.500000000000001332e+00,1.100000000000000000e+01
2.520000000000001350e+00,1.100000000000000000e+01
2.540000000000001368e+00,1.100000000000000000e+01
2.560000000000001386e+00,1.100000000000000000e+01
2.580000000000001403e+00,1.100000000000000000e+01
2.600000000000001421e+00,1.100000000000000000e+01
2.620000000000001439e+00,1.100000000000000000e+01
2.640000000000001457e+00,1.100000000000000000e+01
2.660000000000001474e+00,1.100000000000000000e+01
2.680000000000001492e+00,1.100000000000000000e+01
2.700000000000001510e+00,1.100000000000000000e+01
2.720000000000001528e+00,1.100000000000000000e+01
2.740000000000001545e+00,1.100000000000000000e+01
2.760000000000001563e+00,1.100000000000000000e+01
2.780000000000001581e+00,1.100000000000000000e+01
2.800000000000001599e+00,1.100000000000000000e+01
2.820000000000001616e+00,1.100000000000000000e+01
2.840000000000001634e+00,1.100000000000000000e+01
2.860000000000001652e+00,1.100000000000000000e+01
2.880000000000001670e+00,1.200000000000000000e+01
2.900000000000001688e+00,1.200000000000000000e+01
2.920000000000001705e+00,1.200000000000000000e+01
2.940000000000001723e+00,1.200000000000000000e+01
2.960000000000001741e+00,1.200000000000000000e+01
2.980000000000001759e+00,1.200000000000000000e+01
3.000000000000001776e+00,1.200000000000000000e+01
3.020000000000001794e+00,1.200000000000000000e+01
3.040000000000001812e+00,1.200000000000000000e+01
3.060000000000001830e+00,1.200000000000000000e+01
3.080000000000001847e+00,1.200000000000000000e+01
3.100000000000001865e+00,1.200000000000000000e+01
3.120000000000001883e+00,1.200000000000000000e+01
3.140000000000001901e+00,1.200000000000000000e+01
3.160000000000001918e+00,1.200000000000000000e+01
3.180000000000001936e+00,1.200000000000000000e+01
3.200000000000001954e+00,1.200000000000000000e+01
3.220000000000001972e+00,1.200000000000000000e+01
3.240000000000001990e+00,1.200000000000000000e+01
3.260000000000002007e+00,1.200000000000000000e+01
3.280000000000002025e+00,1.300000000000000000e+01
3.300000000000002043e+00,1.300000000000000000e+01
3.320000000000002061e+00,1.300000000000000000e+01
3.340000000000002078e+00,1.300000000000000000e+01
3.360000000000002096e+00,1.300000000000000000e+01
3.380000000000002114e+00,1.300000000000000000e+01
3.400000000000002132e+00,1.300000000000000000e+01
3.420000000000002149e+00,1.300000000000000000e+01
3.440000000000002167e+00,1.300000000000000000e+01
3.460000000000002185e+00,1.300000000000000000e+01
3.480000000000002203e+00,1.300000000000000000e+01
3.500000000000002220e+00,1.300000000000000000e+01
3.520000000000002238e+00,1.300000000000000000e+01
3.540000000000002256e+00,1.300000000000000000e+01
3.560000000000002274e+00,1.300000000000000000e+01
3.580000000000002292e+00,1.300000000000000000e+01
3.600000000000002309e+00,1.300000000000000000e+01
3.620000000000002327e+00,1.300000000000000000e+01
3.640000000000002345e+00,1.300000000000000000e+01
3.660000000000002363e+00,1.400000000000000000e+01
3.680000000000002380e+00,1.400000000000000000e+01
3.700000000000002398e+00,1.400000000000000000e+01
3.720000000000002416e+00,1.400000000000000000e+01
3.740000000000002434e+00,1.400000000000000000e+01
3.760000000000002451e+00,1.400000000000000000e+01
3.780000000000002469e+00,1.400000000000000000e+01
3.800000000000002487e+00,1.400000000000000000e+01
3.820000000000002505e+00,1.400000000000000000e+01
3.840000000000002522e+00,1.400000000000000000e+01
3.860000000000002540e+00,1.400000000000000000e+01
3.880000000000002558e+00,1.400000000000000000e+01
3.900000000000002576e+00,1.400000000000000000e+01
3.920000000000002593e+00,1.400000000000000000e+01
3.940000000000002611e+00,1.400000000000000000e+01
3.960000000000002629e+00,1.400000000000000000e+01
3.980000000000002647e+00,1.400000000000000000e+01
4.000000000000002665e+00,1.400000000000000000e+01
4.020000000000003126e+00,1.400000000000000000e+01
4.040000000000002700e+00,1.400000000000000000e+01
4.060000000000002274e+00,1.500000000000000000e+01
4.080000000000002736e+00,1.500000000000000000e+01
4.100000000000003197e+00,1.500000000000000000e+01
4.120000000000002771e+00,1.500000000000000000e+01
4.140000000000002345e+00,1.500000000000000000e+01
4.160000000000002807e+00,1.500000000000000000e+01
4.180000000000003268e+00,1.500000000000000000e+01
4.200000000000002842e+00,1.500000000000000000e+01
4.220000000000002416e+00,1.500000000000000000e+01
4.240000000000002878e+00,1.500000000000000000e+01
4.260000000000003340e+00,1.500000000000000000e+01
4.280000000000002913e+00,1.500000000000000000e+01
4.300000000000002487e+00,1.500000000000000000e+01
4.320000000000002949e+00,1.500000000000000000e+01
4.340000000000003411e+00,1.500000000000000000e+01
4.360000000000002984e+00,1.500000000000000000e+01
4.380000000000002558e+00,1.500000000000000000e+01
4.400000000000003020e+00,1.500000000000000000e+01
4.420000000000003482e+00,1.500000000000000000e+01
4.440000000000003055e+00,1.500000000000000000e+01
4.460000000000002629e+00,1.600000000000000000e+01
4.480000000000003091e+00,1.600000000000000000e+01
4.500000000000003553e+00,1.600000000000000000e+01
4.520000000000003126e+00,1.600000000000000000e+01
4.540000000000002700e+00,1.600000000000000000e+01
4.560000000000003162e+00,1.600000000000000000e+01
4.580000000000003624e+00,1.600000000000000000e+01
4.600000000000003197e+00,1.600000000000000000e+01
4.620000000000002771e+00,1.600000000000000000e+01
4.640000000000003233e+00,1.600000000000000000e+01
4.660000000000003695e+00,1.600000000000000000e+01
4.680000000000003268e+00,1.600000000000000000e+01
4.700000000000002842e+00,1.600000000000000000e+01
4.720000000000003304e+00,1.600000000000000000e+01
4.740000000000003766e+00,1.600000000000000000e+01
4.760000000000003340e+00,1.600000000000000000e+01
4.780000000000002913e+00,1.600000000000000000e+01
4.800000000000003375e+00,1.600000000000000000e+01
4.820000000000003837e+00,1.600000000000000000e+01
4.840000000000003411e+00,1.600000000000000000e+01
4.860000000000002984e+00,1.700000000000000000e+01
4.880000000000003446e+00,1.700000000000000000e+01
4.900000000000003908e+00,1.700000000000000000e+01
4.920000000000003482e+00,1.700000000000000000e+01
4.940000000000003055e+00,1.700000000000000000e+01
4.960000000000003517e+00,1.700000000000000000e+01
4.980000000000003979e+00,1.700000000000000000e+01
5.000000000000003553e+00,1.700000000000000000e+01
5.020000000000003126e+00,1.700000000000000000e+01
5.040000000000003588e+00,1.700000000000000000e+01
5.060000000000004050e+00,1.700000000000000000e+01
5.080000000000003624e+00,1.700000000000000000e+01
5.100000000000003197e+00,1.700000000000000000e+01
5.120000000000003659e+00,1.700000000000000000e+01
5.140000000000004121e+00,1.700000000000000000e+01
5.160000000000003695e+00,1.700000000000000000e+01
5.180000000000003268e+00,1.700000000000000000e+01
5.200000000000003730e+00,1.700000000000000000e+01
5.220000000000004192e+00,1.700000000000000000e+01
5.240000000000003766e+00,1.700000000000000000e+01
5.260000000000003340e+00,1.800000000000000000e+01
5.280000000000003801e+00,1.800000000000000000e+01
5.300000000000004263e+00,1.800000000000000000e+01
5.320000000000003837e+00,1.800000000000000000e+01
5.340000000000003411e+00,1.800000000000000000e+01
5.360000000000003872e+00,1.800000000000000000e+01
5.380000000000004334e+00,1.800000000000000000e+01
5.400000000000003908e+00,1.800000000000000000e+01
5.420000000000003482e+00,1.800000000000000000e+01
5.440000000000003944e+00,1.800000000000000000e+01
5.460000000000004405e+00,1.800000000000000000e+01
5.480000000000003979e+00,1.800000000000000000e+01
5.500000000000003553e+00,1.800000000000000000e+01
5.520000000000004015e+00,1.800000000000000000e+01
5.540000000000004476e+00,1.800000000000000000e+01
5.560000000000004050e+00,1.800000000000000000e+01
5.580000000000003624e+00,1.800000000000000000e+01
5.600000000000004086e+00,1.800000000000000000e+01
5.620000000000004547e+00,1.800000000000000000e+01
5.640000000000004121e+00,1.800000000000000000e+01
5.660000000000003695e+00,1.900000000000000000e+01
5.680000000000004157e+00,1.900000000000000000e+01
5.700000000000004619e+00,1.900000000000000000e+01
5.720000000000004192e+00,1.900000000000000000e+01
5.740000000000003766e+00,1.900000000000000000e+01
5.760000000000004228e+00,1.900000000000000000e+01
5.780000000000004690e+00,1.900000000000000000e+01
5.800000000000004263e+00,1.900000000000000000e+01
5.820000000000003837e+00,1.900000000000000000e+01
5.840000000000004299e+00,1.900000000000000000e+01
5.860000000000004761e+00,1.900000000000000000e+01
5.880000000000004334e+00,1.900000000000000000e+01
5.900000000000003908e+00,1.900000000000000000e+01
5.920000000000004370e+00,1.900000000000000000e+01
5.940000000000004832e+00,1.900000000000000000e+01
5.960000000000004405e+00,1.900000000000000000e+01
5.980000000000003979e+00,1.900000000000000000e+01
6.000000000000004441e+00,1.900000000000000000e+01
6.020000000000004903e+00,1.900000000000000000e+01
6.040000000000004476e+00,1.900000000000000000e+01
6.060000000000004050e+00,2.000000000000000000e+01
6.080000000000004512e+00,2.000000000000000000e+01
6.100000000000004974e+00,2.000000000000000000e+01
6.120000000000004547e+00,2.000000000000000000e+01
6.140000000000004121e+00,2.000000000000000000e+01
6.160000000000004583e+00,2.000000000000000000e+01
6.180000000000005045e+00,2.000000000000000000e+01
6.200000000000004619e+00,2.000000000000000000e+01
6.220000000000004192e+00,2.000000000000000000e+01
6.240000000000004654e+00,2.000000000000000000e+01
6.260000000000005116e+00,2.000000000000000000e+01
6.280000000000004690e+00,2.000000000000000000e+01
6.300000000000004263e+00,2.000000000000000000e+01
6.320000000000004725e+00,2.000000000000000000e+01
6.340000000000005187e+00,2.000000000000000000e+01
6.360000000000004761e+00,2.000000000000000000e+01
6.380000000000004334e+00,2.000000000000000000e+01
6.400000000000004796e+00,2.000000000000000000e+01
6.420000000000005258e+00,2.000000000000000000e+01
6.440000000000004832e+00,2.100000000000000000e+01
6.460000000000004405e+00,2.100000000000000000e+01
6.480000000000004867e+00,2.100000000000000000e+01
6.500000000000005329e+00,2.100000000000000000e+01
6.520000000000004903e+00,2.100000000000000000e+01
6.540000000000004476e+00,2.100000000000000000e+01
6.560000000000004938e+00,2.100000000000000000e+01
6.580000000000005400e+00,2.100000000000000000e+01
6.600000000000004974e+00,2.100000000000000000e+01
6.620000000000004547e+00,2.100000000000000000e+01
6.640000000000005009e+00,2.100000000000000000e+01
6.660000000000005471e+00,2.100000000000000000e+01
6.680000000000005045e+00,2.100000000000000000e+01
6.700000000000004619e+00,2.100000000000000000e+01
6.720000000000005080e+00,2.100000000000000000e+01
6.740000000000005542e+00,2.100000000000000000e+01
6.760000000000005116e+00,2.100000000000000000e+01
6.780000000000004690e+00,2.100000000000000000e+01
6.800000000000005151e+00,2.100000000000000000e+01
6.820000000000005613e+00,2.100000000000000000e+01
6.840000000000005187e+00,2.200000000000000000e+01
6.860000000000004761e+00,2.200000000000000000e+01
6.880000000000005222e+00,2.200000000000000000e+01
6.900000000000005684e+00,2.200000000000000000e+01
6.920000000000005258e+00,2.200000000000000000e+01
6.940000000000004832e+00,2.200000000000000000e+01
6.960000000000005294e+00,2.200000000000000000e+01
6.980000000000005755e+00,2.200000000000000000e+01
7.000000000000005329e+00,2.200000000000000000e+01
7.020000000000004903e+00,2.200000000000000000e+01
7.040000000000005365e+00,2.200000000000000000e+01
7.060000000000005826e+00,2.200000000000000000e+01
7.080000000000005400e+00,2.200000000000000000e+01
7.100000000000004974e+00,2.200000000000000000e+01
7.120000000000005436e+00,2.200000000000000000e+01
7.140000000000005898e+00,2.200000000000000000e+01
7.160000000000005471e+00,2.200000000000000000e+01
7.180000000000005045e+00,2.200000000000000000e+01
7.200000000000005507e+00,2.200000000000000000e+01
7.220000000000005969e+00,2.200000000000000000e+01
7.240000000000005542e+00,2.300000000000000000e+01
7.260000000000005116e+00,2.300000000000000000e+01
7.280000000000005578e+00,2.300000000000000000e+01
7.300000000000006040e+00,2.300000000000000000e+01
7.320000000000005613e+00,2.300000000000000000e+01
7.340000000000005187e+00,2.300000000000000000e+01
7.360000000000005649e+00,2.300000000000000000e+01
7.380000000000006111e+00,2.300000000000000000e+01
7.400000000000005684e+00,2.300000000000000000e+01
7.420000000000005258e+00,2.300000000000000000e+01
7.440000000000005720e+00,2.300000000000000000e+01
7.460000000000006182e+00,2.300000000000000000e+01
7.480000000000005755e+00,2.300000000000000000e+01
7.500000000000005329e+00,2.300000000000000000e+01
7.520000000000005791e+00,2.300000000000000000e+01
7.540000000000006253e+00,2.300000000000000000e+01
7.560000000000005826e+00,2.300000000000000000e+01
7.580000000000005400e+00,2.300000000000000000e+01
7.600000000000005862e+00,2.300000000000000000e+01
7.620000000000006324e+00,2.300000000000000000e+01
7.640000000000005898e+00,2.400000000000000000e+01
7.660000000000005471e+00,2.400000000000000000e+01
7.680000000000005933e+00,2.400000000000000000e+01
7.700000000000006395e+00,2.400000000000000000e+01
7.720000000000005969e+00,2.400000000000000000e+01
7.740000000000005542e+00,2.400000000000000000e+01
7.760000000000006004e+00,2.400000000000000000e+01
7.780000000000006466e+00,2.400000000000000000e+01
7.800000000000006040e+00,2.400000000000000000e+01
7.820000000000005613e+00,2.400000000000000000e+01
7.840000000000006075e+00,2.400000000000000000e+01
7.860000000000006537e+00,2.400000000000000000e+01
7.880000000000006111e+00,2.400000000000000000e+01
7.900000000000005684e+00,2.400000000000000000e+01
7.920000000000006146e+00,2.400000000000000000e+01
7.940000000000006608e+00,2.400000000000000000e+01
7.960000000000006182e+00,2.400000000000000000e+01
7.980000000000005755e+00,2.400000000000000000e+01
8.000000000000007105e+00,2.400000000000000000e+01
8.020000000000006679e+00,2.400000000000000000e+01
8.040000000000006253e+00,2.500000000000000000e+01
8.060000000000005826e+00,2.500000000000000000e+01
8.080000000000005400e+00,2.500000000000000000e+01
8.100000000000006750e+00,2.500000000000000000e+01
8.120000000000006324e+00,2.500000000000000000e+01
8.140000000000005898e+00,2.500000000000000000e+01
8.160000000000007248e+00,2.500000000000000000e+01
8.180000000000006821e+00,2.500000000000000000e+01
8.200000000000006395e+00,2.500000000000000000e+01
8.220000000000005969e+00,2.500000000000000000e+01
8.240000000000005542e+00,2.500000000000000000e+01
8.260000000000006892e+00,2.500000000000000000e+01
8.280000000000006466e+00,2.500000000000000000e+01
8.300000000000006040e+00,2.500000000000000000e+01
8.320000000000007390e+00,2.500000000000000000e+01
8.340000000000006963e+00,2.500000000000000000e+01
8.360000000000006537e+00,2.500000000000000000e+01
8.380000000000006111e+00,2.500000000000000000e+01
8.400000000000005684e+00,2.500000000000000000e+01
8.420000000000007034e+00,2.500000000000000000e+01
8.440000000000006608e+00,2.600000000000000000e+01
8.460000000000006182e+00,2.600000000000000000e+01
8.480000000000007532e+00,2.600000000000000000e+01
8.500000000000007105e+00,2.600000000000000000e+01
8.520000000000006679e+00,2.600000000000000000e+01
8.540000000000006253e+00,2.600000000000000000e+01
8.560000000000005826e+00,2.600000000000000000e+01
8.580000000000007176e+00,2.600000000000000000e+01
8.600000000000006750e+00,2.600000000000000000e+01
8.620000000000006324e+00,2.600000000000000000e+01
8.640000000000007674e+00,2.600000000000000000e+01
8.660000000000007248e+00,2.600000000000000000e+01
8.680000000000006821e+00,2.600000000000000000e+01
8.700000000000006395e+00,2.600000000000000000e+01
8.720000000000005969e+00,2.600000000000000000e+01
8.740000000000007319e+00,2.600000000000000000e+01
8.760000000000006892e+00,2.600000000000000000e+01
8.780000000000006466e+00,2.600000000000000000e+01
8.800000000000007816e+00,2.600000000000000000e+01
8.820000000000007390e+00,2.600000000000000000e+01
8.840000000000006963e+00,2.700000000000000000e+01
8.860000000000006537e+00,2.700000000000000000e+01
8.880000000000006111e+00,2.700000000000000000e+01
8.900000000000007461e+00,2.700000000000000000e+01
8.920000000000007034e+00,2.700000000000000000e+01
8.940000000000006608e+00,2.700000000000000000e+01
8.960000000000007958e+00,2.700000000000000000e+01
8.980000000000007532e+00,2.700000000000000000e+01
9.000000000000007105e+00,2.700000000000000000e+01
9.020000000000006679e+00,2.700000000000000000e+01
9.040000000000006253e+00,2.700000000000000000e+01
9.060000000000007603e+00,2.700000000000000000e+01
9.080000000000007176e+00,2.700000000000000000e+01
9.100000000000006750e+00,2.700000000000000000e+01
9.120000000000008100e+00,2.700000000000000000e+01
9.140000000000007674e+00,2.700000000000000000e+01
9.160000000000007248e+00,2.700000000000000000e+01
9.180000000000006821e+00,2.700000000000000000e+01
9.200000000000006395e+00,2.700000000000000000e+01
9.220000000000007745e+00,2.700000000000000000e+01
9.240000000000007319e+00,2.800000000000000000e+01
9.260000000000006892e+00,2.800000000000000000e+01
9.280000000000008242e+00,2.800000000000000000e+01
9.300000000000007816e+00,2.800000000000000000e+01
9.320000000000007390e+00,2.800000000000000000e+01
9.340000000000006963e+00,2.800000000000000000e+01
9.360000000000006537e+00,2.800000000000000000e+01
9.380000000000007887e+00,2.800000000000000000e+01
9.400000000000007461e+00,2.800000000000000000e+01
9.420000000000007034e+00,2.800000000000000000e+01
9.440000000000008384e+00,2.800000000000000000e+01
9.460000000000007958e+00,2.800000000000000000e+01
9.480000000000007532e+00,2.800000000000000000e+01
9.500000000000007105e+00,2.800000000000000000e+01
9.520000000000006679e+00,2.800000000000000000e+01
9.540000000000008029e+00,2.800000000000000000e+01
9.560000000000007603e+00,2.800000000000000000e+01
9.580000000000007176e+00,2.800000000000000000e+01
9.600000000000008527e+00,2.800000000000000000e+01
9.620000000000008100e+00,2.800000000000000000e+01
9.640000000000007674e+00,2.900000000000000000e+01
9.660000000000007248e+00,2.900000000000000000e+01
9.680000000000006821e+00,2.900000000000000000e+01
9.700000000000008171e+00,2.900000000000000000e+01
9.720000000000007745e+00,2.900000000000000000e+01
9.740000000000007319e+00,2.900000000000000000e+01
9.760000000000008669e+00,2.900000000000000000e+01
9.780000000000008242e+00,2.900000000000000000e+01
9.800000000000007816e+00,2.900000000000000000e+01
9.820000000000007390e+00,2.900000000000000000e+01
9.840000000000006963e+00,2.900000000000000000e+01
9.860000000000008313e+00,2.900000000000000000e+01
9.880000000000007887e+00,2.900000000000000000e+01
9.900000000000007461e+00,2.900000000000000000e+01
9.920000000000008811e+00,2.900000000000000000e+01
9.940000000000008384e+00,2.900000000000000000e+01
9.960000000000007958e+00,2.900000000000000000e+01
9.980000000000007532e+00,2.900000000000000000e+01
1.000000000000000711e+01,2.900000000000000000e+01
1.002000000000000846e+01,2.900000000000000000e+01
1.004000000000000803e+01,3.000000000000000000e+01
1.006000000000000760e+01,3.000000000000000000e+01
1.008000000000000895e+01,3.000000000000000000e+01
1.010000000000000853e+01,3.000000000000000000e+01
1.012000000000000810e+01,3.000000000000000000e+01
1.014000000000000767e+01,3.000000000000000000e+01
1.016000000000000725e+01,3.000000000000000000e+01
1.018000000000000860e+01,3.000000000000000000e+01
1.020000000000000817e+01,3.000000000000000000e+01
1.022000000000000774e+01,3.000000000000000000e+01
1.024000000000000909e+01,3.000000000000000000e+01
1.026000000000000867e+01,3.000000000000000000e+01
1.028000000000000824e+01,3.000000000000000000e+01
1.030000000000000782e+01,3.000000000000000000e+01
1.032000000000000739e+01,3.000000000000000000e+01
1.034000000000000874e+01,3.000000000000000000e+01
1.036000000000000831e+01,3.000000000000000000e+01
1.038000000000000789e+01,3.000000000000000000e+01
1.040000000000000924e+01,3.000000000000000000e+01
1.042000000000000881e+01,3.000000000000000000e+01
1.044000000000000838e+01,3.100000000000000000e+01
1.046000000000000796e+01,3.100000000000000000e+01
1.048000000000000753e+01,3.100000000000000000e+01
1.050000000000000888e+01,3.100000000000000000e+01
1.052000000000000846e+01,3.100000000000000000e+01
1.054000000000000803e+01,3.100000000000000000e+01
1.056000000000000938e+01,3.100000000000000000e+01
1.058000000000000895e+01,3.100000000000000000e+01
1.060000000000000853e+01,3.100000000000000000e+01
1.062000000000000810e+01,3.100000000000000000e+01
1.064000000000000767e+01,3.100000000000000000e+01
1.066000000000000902e+01,3.100000000000000000e+01
1.068000000000000860e+01,3.100000000000000000e+01
1.070000000000000817e+01,3.100000000000000000e+01
1.072000000000000952e+01,3.100000000000000000e+01
1.074000000000000909e+01,3.100000000000000000e+01
1.076000000000000867e+01,3.100000000000000000e+01
1.078000000000000824e+01,3.100000000000000000e+01
1.080000000000000782e+01,3.100000000000000000e+01
1.082000000000000917e+01,3.100000000000000000e+01
1.084000000000000874e+01,3.200000000000000000e+01
1.086000000000000831e+01,3.200000000000000000e+01
1.088000000000000966e+01,3.200000000000000000e+01
1.090000000000000924e+01,3.200000000000000000e+01
1.092000000000000881e+01,3.200000000000000000e+01
1.094000000000000838e+01,3.200000000000000000e+01
1.096000000000000796e+01,3.200000000000000000e+01
1.098000000000000931e+01,3.200000000000000000e+01
1.100000000000000888e+01,3.200000000000000000e+01
1.102000000000000846e+01,3.200000000000000000e+01
1.104000000000000981e+01,3.200000000000000000e+01
1.106000000000000938e+01,3.200000000000000000e+01
1.108000000000000895e+01,3.200000000000000000e+01
1.110000000000000853e+01,3.200000000000000000e+01
1.112000000000000810e+01,3.200000000000000000e+01
1.114000000000000945e+01,3.200000000000000000e+01
1.116000000000000902e+01,3.200000000000000000e+01
1.118000000000000860e+01,3.200000000000000000e+01
1.120000000000000995e+01,3.200000000000000000e+01
1.122000000000000952e+01,3.200000000000000000e+01
1.124000000000000909e+01,3.300000000000000000e+01
1.126000000000000867e+01,3.300000000000000000e+01
1.128000000000000824e+01,3.300000000000000000e+01
1.130000000000000959e+01,3.300000000000000000e+01
1.132000000000000917e+01,3.300000000000000000e+01
1.134000000000000874e+01,3.300000000000000000e+01
1.136000000000001009e+01,3.300000000000000000e+01
1.138000000000000966e+01,3.300000000000000000e+01
1.140000000000000924e+01,3.300000000000000000e+01
1.142000000000000881e+01,3.300000000000000000e+01
1.144000000000000838e+01,3.300000000000000000e+01
1.146000000000000973e+01,3.300000000000000000e+01
1.148000000000000931e+01,3.300000000000000000e+01
1.150000000000000888e+01,3.300000000000000000e+01
1.152000000000001023e+01,3.300000000000000000e+01
1.154000000000000981e+01,3.300000000000000000e+01
1.156000000000000938e+01,3.300000000000000000e+01
1.158000000000000895e+01,3.300000000000000000e+01
1.160000000000000853e+01,3.300000000000000000e+01
1.162000000000000988e+01,3.300000000000000000e+01
1.164000000000000945e+01,3.400000000000000000e+01
1.166000000000000902e+01,3.400000000000000000e+01
1.168000000000001037e+01,3.400000000000000000e+01
1.170000000000000995e+01,3.400000000000000000e+01
1.172000000000000952e+01,3.400000000000000000e+01
1.174000000000000909e+01,3.400000000000000000e+01
1.176000000000000867e+01,3.400000000000000000e+01
1.178000000000001002e+01,3.400000000000000000e+01
1.180000000000000959e+01,3.400000000000000000e+01
1.182000000000000917e+01,3.400000000000000000e+01
1.184000000000001052e+01,3.400000000000000000e+01
1.186000000000001009e+01,3.400000000000000000e+01
1.188000000000000966e+01,3.400000000000000000e+01
1.190000000000000924e+01,3.400000000000000000e+01
1.192000000000000881e+01,3.400000000000000000e+01
1.194000000000001016e+01,3.400000000000000000e+01
1.196000000000000973e+01,3.400000000000000000e+01
1.198000000000000931e+01,3.400000000000000000e+01
1.200000000000001066e+01,3.400000000000000000e+01
1.202000000000001023e+01,3.400000000000000000e+01
1.204000000000000981e+01,3.500000000000000000e+01
1.206000000000000938e+01,3.500000000000000000e+01
1.208000000000000895e+01,3.500000000000000000e+01
1.210000000000001030e+01,3.500000000000000000e+01
1.212000000000000988e+01,3.500000000000000000e+01
1.214000000000000945e+01,3.500000000000000000e+01
1.216000000000001080e+01,3.500000000000000000e+01
1.218000000000001037e+01,3.500000000000000000e+01
1.220000000000000995e+01,3.500000000000000000e+01
1.222000000000000952e+01,3.500000000000000000e+01
1.224000000000000909e+01,3.500000000000000000e+01
1.226000000000001044e+01,3.500000000000000000e+01
1.228000000000001002e+01,3.500000000000000000e+01
1.230000000000000959e+01,3.500000000000000000e+01
1.232000000000001094e+01,3.500000000000000000e+01
1.234000000000001052e+01,3.500000000000000000e+01
1.236000000000001009e+01,3.500000000000000000e+01
1.238000000000000966e+01,3.500000000000000000e+01
1.240000000000000924e+01,3.500000000000000000e+01
1.242000000000001059e+01,3.500000000000000000e+01
1.244000000000001016e+01,3.600000000000000000e+01
1.246000000000000973e+01,3.600000000000000000e+01
1.248000000000001108e+01,3.600000000000000000e+01
1.250000000000001066e+01,3.600000000000000000e+01
1.252000000000001023e+01,3.600000000000000000e+01
1.254000000000000981e+01,3.600000000000000000e+01
1.256000000000000938e+01,3.600000000000000000e+01
1.258000000000001073e+01,3.600000000000000000e+01
1.260000000000001030e+01,3.600000000000000000e+01
1.262000000000000988e+01,3.600000000000000000e+01
1.264000000000001123e+01,3.600000000000000000e+01
1.266000000000001080e+01,3.600000000000000000e+01
1.268000000000001037e+01,3.600000000000000000e+01
1.270000000000000995e+01,3.600000000000000000e+01
1.272000000000000952e+01,3.600000000000000000e+01
1.274000000000001087e+01,3.600000000000000000e+01
1.276000000000001044e+01,3.600000000000000000e+01
1.278000000000001002e+01,3.600000000000000000e+01
1.280000000000001137e+01,3.600000000000000000e+01
1.282000000000001094e+01,3.600000000000000000e+01
1.284000000000001052e+01,3.700000000000000000e+01
1.286000000000001009e+01,3.700000000000000000e+01
1.288000000000000966e+01,3.700000000000000000e+01
1.290000000000001101e+01,3.700000000000000000e+01
1.292000000000001059e+01,3.700000000000000000e+01
1.294000000000001016e+01,3.700000000000000000e+01
1.296000000000001151e+01,3.700000000000000000e+01
1.298000000000001108e+01,3.700000000000000000e+01
1.300000000000001066e+01,3.700000000000000000e+01
1.302000000000001023e+01,3.700000000000000000e+01
1.304000000000000981e+01,3.700000000000000000e+01
1.306000000000001116e+01,3.700000000000000000e+01
1.308000000000001073e+01,3.700000000000000000e+01
1.310000000000001030e+01,3.700000000000000000e+01
1.312000000000001165e+01,3.700000000000000000e+01
1.314000000000001123e+01,3.700000000000000000e+01
1.316000000000001080e+01,3.700000000000000000e+01
1.318000000000001037e+01,3.700000000000000000e+01
1.320000000000000995e+01,3.700000000000000000e+01
1.322000000000001130e+01,3.700000000000000000e+01
1.324000000000001087e+01,3.800000000000000000e+01
1.326000000000001044e+01,3.800000000000000000e+01
1.328000000000001180e+01,3.800000000000000000e+01
1.330000000000001137e+01,3.800000000000000000e+01
1.332000000000001094e+01,3.800000000000000000e+01
1.334000000000001052e+01,3.800000000000000000e+01
1.336000000000001009e+01,3.800000000000000000e+01
1.338000000000001144e+01,3.800000000000000000e+01
1.340000000000001101e+01,3.800000000000000000e+01
1.342000000000001059e+01,3.800000000000000000e+01
1.344000000000001194e+01,3.800000000000000000e+01
1.346000000000001151e+01,3.800000000000000000e+01
1.348000000000001108e+01,3.800000000000000000e+01
1.350000000000001066e+01,3.800000000000000000e+01
1.352000000000001023e+01,3.800000000000000000e+01
1.354000000000001158e+01,3.800000000000000000e+01
1.356000000000001116e+01,3.800000000000000000e+01
1.358000000000001073e+01,3.800000000000000000e+01
1.360000000000001208e+01,3.800000000000000000e+01
1.362000000000001165e+01,3.800000000000000000e+01
1.364000000000001123e+01,3.900000000000000000e+01
1.366000000000001080e+01,3.900000000000000000e+01
1.368000000000001037e+01,3.900000000000000000e+01
1.370000000000001172e+01,3.900000000000000000e+01
1.372000000000001130e+01,3.900000000000000000e+01
1.374000000000001087e+01,3.900000000000000000e+01
1.376000000000001222e+01,3.900000000000000000e+01
1.378000000000001180e+01,3.900000000000000000e+01
1.380000000000001137e+01,3.900000000000000000e+01
1.382000000000001094e+01,3.900000000000000000e+01
1.384000000000001052e+01,3.900000000000000000e+01
1.386000000000001187e+01,3.900000000000000000e+01
1.388000000000001144e+01,3.900000000000000000e+01
1.390000000000001101e+01,3.900000000000000000e+01
1.392000000000001236e+01,3.900000000000000000e+01
1.394000000000001194e+01,3.900000000000000000e+01
1.396000000000001151e+01,3.900000000000000000e+01
1.398000000000001108e+01,3.900000000000000000e+01
1.400000000000001066e+01,3.900000000000000000e+01
1.402000000000001201e+01,4.000000000000000000e+01
1.404000000000001158e+01,4.000000000000000000e+01
1.406000000000001116e+01,4.000000000000000000e+01
1.408000000000001251e+01,4.000000000000000000e+01
1.410000000000001208e+01,4.000000000000000000e+01
1.412000000000001165e+01,4.000000000000000000e+01
1.414000000000001123e+01,4.000000000000000000e+01
1.416000000000001080e+01,4.000000000000000000e+01
1.418000000000001215e+01,4.000000000000000000e+01
1.420000000000001172e+01,4.000000000000000000e+01
1.422000000000001130e+01,4.000000000000000000e+01
1.424000000000001265e+01,4.000000000000000000e+01
1.426000000000001222e+01,4.000000000000000000e+01
1.428000000000001180e+01,4.000000000000000000e+01
1.430000000000001137e+01,4.000000000000000000e+01
1.432000000000001094e+01,4.000000000000000000e+01
1.434000000000001229e+01,4.000000000000000000e+01
1.436000000000001187e+01,4.000000000000000000e+01
1.438000000000001144e+01,4.000000000000000000e+01
1.440000000000001279e+01,4.000000000000000000e+01
1.442000000000001236e+01,4.100000000000000000e+01
1.444000000000001194e+01,4.100000000000000000e+01
1.446000000000001151e+01,4.100000000000000000e+01
1.448000000000001108e+01,4.100000000000000000e+01
1.450000000000001243e+01,4.100000000000000000e+01
1.452000000000001201e+01,4.100000000000000000e+01
1.454000000000001158e+01,4.100000000000000000e+01
1.456000000000001293e+01,4.100000000000000000e+01
1.458000000000001251e+01,4.100000000000000000e+01
1.460000000000001208e+01,4.100000000000000000e+01
1.462000000000001165e+01,4.100000000000000000e+01
1.464000000000001123e+01,4.100000000000000000e+01
1.466000000000001258e+01,4.100000000000000000e+01
1.468000000000001215e+01,4.100000000000000000e+01
1.470000000000001172e+01,4.100000000000000000e+01
1.472000000000001307e+01,4.100000000000000000e+01
1.474000000000001265e+01,4.100000000000000000e+01
1.476000000000001222e+01,4.100000000000000000e+01
1.478000000000001180e+01,4.100000000000000000e+01
1.480000000000001137e+01,4.100000000000000000e+01
1.482000000000001272e+01,4.200000000000000000e+01
1.484000000000001229e+01,4.200000000000000000e+01
1.486000000000001187e+01,4.200000000000000000e+01
1.488000000000001322e+01,4.200000000000000000e+01
1.490000000000001279e+01,4.200000000000000000e+01
1.492000000000001236e+01,4.200000000000000000e+01
1.494000000000001194e+01,4.200000000000000000e+01
1.496000000000001151e+01,4.200000000000000000e+01
1.498000000000001286e+01,4.200000000000000000e+01
1.500000000000001243e+01,4.200000000000000000e+01
1.502000000000001201e+01,4.200000000000000000e+01
1.504000000000001336e+01,4.200000000000000000e+01
1.506000000000001293e+01,4.200000000000000000e+01
1.508000000000001251e+01,4.200000000000000000e+01
1.510000000000001208e+01,4.200000000000000000e+01
1.512000000000001165e+01,4.200000000000000000e+01
1.514000000000001300e+01,4.200000000000000000e+01
1.516000000000001258e+01,4.200000000000000000e+01
1.518000000000001215e+01,4.200000000000000000e+01
1.520000000000001350e+01,4.200000000000000000e+01
1.522000000000001307e+01,4.300000000000000000e+01
1.524000000000001265e+01,4.300000000000000000e+01
1.526000000000001222e+01,4.300000000000000000e+01
1.528000000000001180e+01,4.300000000000000000e+01
1.530000000000001315e+01,4.300000000000000000e+01
1.532000000000001272e+01,4.300000000000000000e+01
1.534000000000001229e+01,4.300000000000000000e+01
1.536000000000001364e+01,4.300000000000000000e+01
1.538000000000001322e+01,4.300000000000000000e+01
1.540000000000001279e+01,4.300000000000000000e+01
1.542000000000001236e+01,4.300000000000000000e+01
1.544000000000001194e+01,4.300000000000000000e+01
1.546000000000001329e+01,4.300000000000000000e+01
1.548000000000001286e+01,4.300000000000000000e+01
1.550000000000001243e+01,4.300000000000000000e+01
1.552000000000001378e+01,4.300000000000000000e+01
1.554000000000001336e+01,4.300000000000000000e+01
1.556000000000001293e+01,4.300000000000000000e+01
1.558000000000001251e+01,4.300000000000000000e+01
1.560000000000001208e+01,4.300000000000000000e+01
1.562000000000001343e+01,4.400000000000000000e+01
1.564000000000001300e+01,4.400000000000000000e+01
1.566000000000001258e+01,4.400000000000000000e+01
1.568000000000001393e+01,4.400000000000000000e+01
1.570000000000001350e+01,4.400000000000000000e+01
1.572000000000001307e+01,4.400000000000000000e+01
1.574000000000001265e+01,4.400000000000000000e+01
1.576000000000001222e+01,4.400000000000000000e+01
1.578000000000001357e+01,4.400000000000000000e+01
1.580000000000001315e+01,4.400000000000000000e+01
1.582000000000001272e+01,4.400000000000000000e+01
1.584000000000001407e+01,4.400000000000000000e+01
1.586000000000001364e+01,4.400000000000000000e+01
1.588000000000001322e+01,4.400000000000000000e+01
1.590000000000001279e+01,4.400000000000000000e+01
1.592000000000001236e+01,4.400000000000000000e+01
1.594000000000001371e+01,4.400000000000000000e+01
1.596000000000001329e+01,4.400000000000000000e+01
1.598000000000001286e+01,4.400000000000000000e+01
1.600000000000001421e+01,4.400000000000000000e+01
1.602000000000001378e+01,4.500000000000000000e+01
1.604000000000001336e+01,4.500000000000000000e+01
1.606000000000001293e+01,4.500000000000000000e+01
1.608000000000001251e+01,4.500000000000000000e+01
1.610000000000001563e+01,4.500000000000000000e+01
1.612000000000001165e+01,4.500000000000000000e+01
1.614000000000001478e+01,4.500000000000000000e+01
1.616000000000001435e+01,4.500000000000000000e+01
1.618000000000001393e+01,4.500000000000000000e+01
1.620000000000001350e+01,4.500000000000000000e+01
1.622000000000001307e+01,4.500000000000000000e+01
1.624000000000001265e+01,4.500000000000000000e+01
1.626000000000001222e+01,4.500000000000000000e+01
1.628000000000001535e+01,4.500000000000000000e+01
1.630000000000001137e+01,4.500000000000000000e+01
1.632000000000001450e+01,4.500000000000000000e+01
1.634000000000001407e+01,4.500000000000000000e+01
1.636000000000001364e+01,4.500000000000000000e+01
1.638000000000001322e+01,4.500000000000000000e+01
1.640000000000001279e+01,4.500000000000000000e+01
1.642000000000001592e+01,4.600000000000000000e+01
1.644000000000001194e+01,4.600000000000000000e+01
1.646000000000001506e+01,4.600000000000000000e+01
1.648000000000001464e+01,4.600000000000000000e+01
1.650000000000001421e+01,4.600000000000000000e+01
1.652000000000001378e+01,4.600000000000000000e+01
1.654000000000001336e+01,4.600000000000000000e+01
1.656000000000001293e+01,4.600000000000000000e+01
1.658000000000001251e+01,4.600000000000000000e+01
1.660000000000001563e+01,4.600000000000000000e+01
1.662000000000001165e+01,4.600000000000000000e+01
1.664000000000001478e+01,4.600000000000000000e+01
1.666000000000001435e+01,4.600000000000000000e+01
1.668000000000001393e+01,4.600000000000000000e+01
1.670000000000001350e+01,4.600000000000000000e+01
1.672000000000001307e+01,4.600000000000000000e+01
1.674000000000001620e+01,4.600000000000000000e+01
1.676000000000001222e+01,4.600000000000000000e+01
1.678000000000001535e+01,4.600000000000000000e+01
1.680000000000001492e+01,4.600000000000000000e+01
1.682000000000001450e+01,4.700000000000000000e+01
1.684000000000001407e+01,4.700000000000000000e+01
1.686000000000001364e+01,4.700000000000000000e+01
1.688000000000001322e+01,4.700000000000000000e+01
1.690000000000001279e+01,4.700000000000000000e+01
1.692000000000001592e+01,4.700000000000000000e+01
1.694000000000001194e+01,4.700000000000000000e+01
1.696000000000001506e+01,4.700000000000000000e+01
1.698000000000001464e+01,4.700000000000000000e+01
1.700000000000001421e+01,4.700000000000000000e+01
1.702000000000001378e+01,4.700000000000000000e+01
1.704000000000001336e+01,4.700000000000000000e+01
1.706000000000001293e+01,4.700000000000000000e+01
1.708000000000001251e+01,4.700000000000000000e+01
1.710000000000001563e+01,4.700000000000000000e+01
1.712000000000001521e+01,4.700000000000000000e+01
1.714000000000001478e+01,4.700000000000000000e+01
1.716000000000001435e+01,4.700000000000000000e+01
1.718000000000001393e+01,4.700000000000000000e+01
1.720000000000001350e+01,4.700000000000000000e+01
1.722000000000001307e+01,4.800000000000000000e+01
1.724000000000001620e+01,4.800000000000000000e+01
1.726000000000001577e+01,4.800000000000000000e+01
1.728000000000001535e+01,4.800000000000000000e+01
1.730000000000001492e+01,4.800000000000000000e+01
1.732000000000001450e+01,4.800000000000000000e+01
1.734000000000001407e+01,4.800000000000000000e+01
1.736000000000001364e+01,4.800000000000000000e+01
1.738000000000001322e+01,4.800000000000000000e+01
1.740000000000001279e+01,4.800000000000000000e+01
1.742000000000001592e+01,4.800000000000000000e+01
1.744000000000001549e+01,4.800000000000000000e+01
1.746000000000001506e+01,4.800000000000000000e+01
1.748000000000001464e+01,4.800000000000000000e+01
1.750000000000001421e+01,4.800000000000000000e+01
1.752000000000001378e+01,4.800000000000000000e+01
1.754000000000001336e+01,4.800000000000000000e+01
1.756000000000001648e+01,4.800000000000000000e+01
1.758000000000001606e+01,4.800000000000000000e+01
1.760000000000001563e+01,4.800000000000000000e+01
1.762000000000001521e+01,4.900000000000000000e+01
1.764000000000001478e+01,4.900000000000000000e+01
1.766000000000001435e+01,4.900000000000000000e+01
1.768000000000001393e+01,4.900000000000000000e+01
1.770000000000001350e+01,4.900000000000000000e+01
1.772000000000001307e+01,4.900000000000000000e+01
1.774000000000001620e+01,4.900000000000000000e+01
1.776000000000001577e+01,4.900000000000000000e+01
1.778000000000001535e+01,4.900000000000000000e+01
1.780000000000001492e+01,4.900000000000000000e+01
1.782000000000001450e+01,4.900000000000000000e+01
1.784000000000001407e+01,4.900000000000000000e+01
1.786000000000001364e+01,4.900000000000000000e+01
1.788000000000001677e+01,4.900000000000000000e+01
1.790000000000001634e+01,4.900000000000000000e+01
1.792000000000001592e+01,4.900000000000000000e+01
1.794000000000001549e+01,4.900000000000000000e+01
1.796000000000001506e+01,4.900000000000000000e+01
1.798000000000001464e+01,4.900000000000000000e+01
1.800000000000001421e+01,4.900000000000000000e+01
1.802000000000001378e+01,5.000000000000000000e+01
1.804000000000001336e+01,5.000000000000000000e+01
1.806000000000001648e+01,5.000000000000000000e+01
1.808000000000001606e+01,5.000000000000000000e+01
1.810000000000001563e+01,5.000000000000000000e+01
1.812000000000001521e+01,5.000000000000000000e+01
1.814000000000001478e+01,5.000000000000000000e+01
1.816000000000001435e+01,5.000000000000000000e+01
1.818000000000001393e+01,5.000000000000000000e+01
1.820000000000001705e+01,5.000000000000000000e+01
1.822000000000001663e+01,5.000000000000000000e+01
1.824000000000001620e+01,5.000000000000000000e+01
1.826000000000001577e+01,5.000000000000000000e+01
1.828000000000001535e+01,5.000000000000000000e+01
1.830000000000001492e+01,5.000000000000000000e+01
1.832000000000001450e+01,5.000000000000000000e+01
1.834000000000001407e+01,5.000000000000000000e+01
1.836000000000001364e+01,5.000000000000000000e+01
1.838000000000001677e+01,5.000000000000000000e+01
1.840000000000001634e+01,5.000000000000000000e+01
1.842000000000001592e+01,5.100000000000000000e+01
1.844000000000001549e+01,5.100000000000000000e+01
1.846000000000001506e+01,5.100000000000000000e+01
1.848000000000001464e+01,5.100000000000000000e+01
1.850000000000001421e+01,5.100000000000000000e+01
1.852000000000001734e+01,5.100000000000000000e+01
1.854000000000001691e+01,5.100000000000000000e+01
1.856000000000001648e+01,5.100000000000000000e+01
1.858000000000001606e+01,5.100000000000000000e+01
1.860000000000001563e+01,5.100000000000000000e+01
1.862000000000001521e+01,5.100000000000000000e+01
1.864000000000001478e+01,5.100000000000000000e+01
1.866000000000001435e+01,5.100000000000000000e+01
1.868000000000001393e+01,5.100000000000000000e+01
1.870000000000001705e+01,5.100000000000000000e+01
1.872000000000001663e+01,5.100000000000000000e+01
1.874000000000001620e+01,5.100000000000000000e+01
1.876000000000001577e+01,5.100000000000000000e+01
1.878000000000001535e+01,5.100000000000000000e+01
1.880000000000001492e+01,5.100000000000000000e+01
1.882000000000001450e+01,5.200000000000000000e+01
1.884000000000001762e+01,5.200000000000000000e+01
1.886000000000001720e+01,5.200000000000000000e+01
1.888000000000001677e+01,5.200000000000000000e+01
1.890000000000001634e+01,5.200000000000000000e+01
1.892000000000001592e+01,5.200000000000000000e+01
1.894000000000001549e+01,5.200000000000000000e+01
1.896000000000001506e+01,5.200000000000000000e+01
1.898000000000001464e+01,5.200000000000000000e+01
1.900000000000001421e+01,5.200000000000000000e+01
1.902000000000001734e+01,5.200000000000000000e+01
1.904000000000001691e+01,5.200000000000000000e+01
1.906000000000001648e+01,5.200000000000000000e+01
1.908000000000001606e+01,5.200000000000000000e+01
1.910000000000001563e+01,5.200000000000000000e+01
1.912000000000001521e+01,5.200000000000000000e+01
1.914000000000001478e+01,5.200000000000000000e+01
1.916000000000001791e+01,5.200000000000000000e+01
1.918000000000001748e+01,5.200000000000000000e+01
1.920000000000001705e+01,5.200000000000000000e+01
1.922000000000001663e+01,5.300000000000000000e+01
1.924000000000001620e+01,5.300000000000000000e+01
1.926000000000001577e+01,5.300000000000000000e+01
1.928000000000001535e+01,5.300000000000000000e+01
1.930000000000001492e+01,5.300000000000000000e+01
1.932000000000001450e+01,5.300000000000000000e+01
1.934000000000001762e+01,5.300000000000000000e+01
1.936000000000001720e+01,5.300000000000000000e+01
1.938000000000001677e+01,5.300000000000000000e+01
1.940000000000001634e+01,5.300000000000000000e+01
1.942000000000001592e+01,5.300000000000000000e+01
1.944000000000001549e+01,5.300000000000000000e+01
1.946000000000001506e+01,5.300000000000000000e+01
1.948000000000001819e+01,5.300000000000000000e+01
1.950000000000001776e+01,5.300000000000000000e+01
1.952000000000001734e+01,5.300000000000000000e+01
1.954000000000001691e+01,5.300000000000000000e+01
1.956000000000001648e+01,5.300000000000000000e+01
1.958000000000001606e+01,5.300000000000000000e+01
1.960000000000001563e+01,5.300000000000000000e+01
1.962000000000001521e+01,5.400000000000000000e+01
1.964000000000001478e+01,5.400000000000000000e+01
1.966000000000001791e+01,5.400000000000000000e+01
1.968000000000001748e+01,5.400000000000000000e+01
1.970000000000001705e+01,5.400000000000000000e+01
1.972000000000001663e+01,5.400000000000000000e+01
1.974000000000001620e+01,5.400000000000000000e+01
1.976000000000001577e+01,5.400000000000000000e+01
1.978000000000001535e+01,5.400000000000000000e+01
1.980000000000001847e+01,5.400000000000000000e+01
1.982000000000001805e+01,5.400000000000000000e+01
1.984000000000001762e+01,5.400000000000000000e+01
1.986000000000001720e+01,5.400000000000000000e+01
1.988000000000001677e+01,5.400000000000000000e+01
1.990000000000001634e+01,5.400000000000000000e+01
1.992000000000001592e+01,5.400000000000000000e+01
1.994000000000001549e+01,5.400000000000000000e+01
1.996000000000001506e+01,5.400000000000000000e+01
1.998000000000001819e+01,5.400000000000000000e+01
2.000000000000001776e+01,5.400000000000000000e+01
