theta_deg,log10_dsigma_dOmega
20.00000000,2.59065628
20.11436741,2.59065628
20.22873481,2.59065628
20.34310222,2.59065628
20.45746962,2.59065628
20.57183703,2.59065628
20.68620443,2.59065628
20.80057184,2.59065628
20.91493924,2.59065628
21.02930665,2.59065628
21.14367405,2.59065628
21.25804146,2.59065628
21.37240886,2.59065628
21.48677627,2.59065628
21.60114367,2.59065628
21.71551108,2.59065628
21.82987848,2.59065628
21.94424589,2.59065628
22.05861330,2.59065628
22.17298070,2.59065628
22.28734811,2.59065628
22.40171551,2.59065628
22.51608292,2.59065628
22.63045032,2.59065628
22.74481773,2.59065628
22.85918513,2.59065628
22.97355254,2.59065628
23.08791994,2.59065628
23.20228735,2.59065628
23.31665475,2.59065628
23.43102216,2.59065628
23.54538956,2.59065628
23.65975697,2.59065628
23.77412437,2.59065628
23.88849178,2.59065628
24.00285919,2.59065628
24.11722659,2.59065628
24.23159400,2.59065628
24.34596140,2.59065628
24.46032881,2.59065628
24.57469621,2.59065628
24.68906362,2.59065628
24.80343102,2.59065628
24.91779843,2.59065628
25.03216583,2.59065628
25.14653324,2.59065628
25.26090064,2.59065628
25.37526805,2.59065628
25.48963545,2.59065628
25.60400286,2.59065628
25.71837026,2.59065628
25.83273767,2.59065628
25.94710508,2.59065628
26.06147248,2.59065628
26.17583989,2.59065628
26.29020729,2.59065628
26.40457470,2.59065628
26.51894210,2.59065628
26.63330951,2.59065628
26.74767691,2.59065628
26.86204432,2.59065628
26.97641172,2.58798665
27.09077913,2.58531702
27.20514653,2.58264739
27.31951394,2.57908788
27.43388134,2.57196885
27.54824875,2.56395996
27.66261615,2.55239155
27.77698356,2.53904338
27.89135096,2.52569522
28.00571837,2.51412681
28.12008578,2.50522803
28.23445318,2.49988877
28.34882059,2.49543938
28.46318799,2.49098999
28.57755540,2.48743048
28.69192280,2.48476085
28.80629021,2.48120133
28.92065761,2.47764182
29.03502502,2.47497219
29.14939242,2.47230256
29.26375983,2.46874305
29.37812723,2.46607341
29.49249464,2.46340378
29.60686204,2.45984427
29.72122945,2.45717464
29.83559685,2.45539488
29.94996426,2.45361513
30.06433167,2.45272525
30.17869907,2.44827586
30.29306648,2.44331797
30.40743388,2.43785158
30.52180129,2.43187669
30.63616869,2.42539329
30.75053610,2.42285079
30.86490350,2.42030828
30.97927091,2.41776577
31.09363831,2.41424864
31.20800572,2.40975687
31.32237312,2.40429048
31.43674053,2.39755284
31.55110793,2.38918799
31.66547534,2.38017056
31.77984274,2.37050056
31.89421015,2.36017798
32.00857756,2.34949944
32.12294496,2.33917686
32.23731237,2.33010011
32.35167977,2.32226919
32.46604718,2.31568409
32.58041458,2.31123471
32.69478199,2.30856507
32.80914939,2.30589544
32.92351680,2.30233593
33.03788420,2.29788654
33.15225161,2.29254727
33.26661901,2.28542825
33.38098642,2.27919911
33.49535382,2.27385984
33.60972123,2.26921271
33.72408863,2.26436782
33.83845604,2.26021505
33.95282345,2.25497466
34.06719085,2.24953652
34.18155826,2.24409838
34.29592566,2.23866024
34.41029307,2.23322210
34.52466047,2.22778396
34.63902788,2.21898406
34.75339528,2.20949203
34.86776269,2.20019775
34.98213009,2.19110122
35.09649750,2.18220245
35.21086490,2.17686318
35.32523231,2.17241379
35.43959971,2.16707453
35.55396712,2.16173526
35.66833452,2.15639600
35.78270193,2.15105673
35.89706934,2.14571746
36.01143674,2.14126808
36.12580415,2.13592881
36.24017155,2.13058954
36.35453896,2.12525028
36.46890636,2.11991101
36.58327377,2.11457175
36.69764117,2.11012236
36.81200858,2.10567297
36.92637598,2.10122358
37.04074339,2.09766407
37.15511079,2.09410456
37.26947820,2.09054505
37.38384560,2.08787542
37.49821301,2.08520578
37.61258041,2.08253615
37.72694782,2.07986652
37.84131523,2.07808676
37.95568263,2.07541713
38.07005004,2.07363737
38.18441744,2.07185762
38.29878485,2.07096774
38.41315225,2.07007786
38.52751966,2.07007786
38.64188706,2.07007786
38.75625447,2.07007786
38.87062187,2.06978124
38.98498928,2.06918799
39.09935668,2.06829811
39.21372409,2.06711161
39.32809149,2.06562848
39.44245890,2.06414535
39.55682630,2.06206897
39.67119371,2.05939933
39.78556112,2.05524657
39.89992852,2.05139043
40.01429593,2.04694105
40.12866333,2.04338154
40.24303074,2.03982202
40.35739814,2.03804227
40.47176555,2.03537264
40.58613295,2.03270300
40.70050036,2.02914349
40.81486776,2.02558398
40.92923517,2.02113459
41.04360257,2.01668521
41.15796998,2.01223582
41.27233738,2.00778643
41.38670479,2.00333704
41.50107219,1.99888765
41.61543960,1.99354839
41.72980701,1.98820912
41.84417441,1.98286986
41.95854182,1.97664071
42.07290922,1.97041157
42.18727663,1.96418242
42.30164403,1.95795328
42.41601144,1.95083426
42.53037884,1.94460512
42.64474625,1.93837597
42.75911365,1.93303671
42.87348106,1.92858732
42.98784846,1.92591769
43.10221587,1.92324805
43.21658327,1.91909529
43.33095068,1.91345940
43.44531808,1.90545050
43.55968549,1.89566185
43.67405289,1.88587319
43.78842030,1.87756767
43.90278771,1.87074527
44.01715511,1.86540601
44.13152252,1.86095662
44.24588992,1.85650723
44.36025733,1.85205784
44.47462473,1.84760845
44.58899214,1.84315907
44.70335954,1.83870968
44.81772695,1.83426029
44.93209435,1.83070078
45.04646176,1.82714127
45.16082916,1.82447164
45.27519657,1.82269188
45.38956397,1.82180200
45.50393138,1.82091212
45.61829878,1.82091212
45.73266619,1.82091212
45.84703360,1.82091212
45.96140100,1.82091212
46.07576841,1.82076381
46.19013581,1.82046719
46.30450322,1.82002225
46.41887062,1.81942900
46.53323803,1.81868743
46.64760543,1.81794587
46.76197284,1.81557286
46.87634024,1.81334816
46.99070765,1.81127178
47.10507505,1.80934372
47.21944246,1.80667408
47.33380986,1.80578420
47.44817727,1.80489433
47.56254467,1.80400445
47.67691208,1.80311457
47.79127949,1.80222469
47.90564689,1.80133482
48.02001430,1.80044494
48.13438170,1.79866518
48.24874911,1.79688543
48.36311651,1.79510567
48.47748392,1.79332592
48.59185132,1.79065628
48.70621873,1.78887653
48.82058613,1.78709677
48.93495354,1.78620690
49.04932094,1.78531702
49.16368835,1.78531702
49.27805575,1.78442714
49.39242316,1.78264739
49.50679056,1.77997775
49.62115797,1.77730812
49.73552538,1.77374861
49.84989278,1.77018910
49.96426019,1.76662959
50.07862759,1.76307008
50.19299500,1.75862069
50.30736240,1.75417130
50.42172981,1.74972191
50.53609721,1.74438265
50.65046462,1.73904338
50.76483202,1.73370412
50.87919943,1.72747497
50.99356683,1.72124583
51.10793424,1.71590656
51.22230164,1.70967742
51.33666905,1.70344828
51.45103645,1.69721913
51.56540386,1.69098999
51.67977127,1.68387097
51.79413867,1.67764182
51.90850608,1.67141268
52.02287348,1.66518354
52.13724089,1.65895439
52.25160829,1.65272525
52.36597570,1.64649611
52.48034310,1.63937709
52.59471051,1.63314794
52.70907791,1.62691880
52.82344532,1.62068966
52.93781272,1.61446051
53.05218013,1.60912125
53.16654753,1.60289210
53.28091494,1.59666296
53.39528234,1.59132369
53.50964975,1.58598443
53.62401716,1.58064516
53.73838456,1.57619577
53.85275197,1.57174638
53.96711937,1.56729700
54.08148678,1.56284761
54.19585418,1.55839822
54.31022159,1.55483871
54.42458899,1.55127920
54.53895640,1.54860957
54.65332380,1.54682981
54.76769121,1.54505006
54.88205861,1.54327030
54.99642602,1.54238042
55.11079342,1.54149055
55.22516083,1.54060067
55.33952823,1.54060067
55.45389564,1.54060067
55.56826305,1.54060067
55.68263045,1.54060067
55.79699786,1.54060067
55.91136526,1.54060067
56.02573267,1.54060067
56.14010007,1.54060067
56.25446748,1.54104561
56.36883488,1.54193548
56.48320229,1.54282536
56.59756969,1.54371524
56.71193710,1.54460512
56.82630450,1.54505006
56.94067191,1.54505006
57.05503931,1.54505006
57.16940672,1.54505006
57.28377412,1.54505006
57.39814153,1.54505006
57.51250893,1.54505006
57.62687634,1.54505006
57.74124375,1.54505006
57.85561115,1.54505006
57.96997856,1.54416018
58.08434596,1.54327030
58.19871337,1.54149055
58.31308077,1.53971079
58.42744818,1.53793103
58.54181558,1.53615128
58.65618299,1.53348165
58.77055039,1.53170189
58.88491780,1.52903226
58.99928520,1.52547275
59.11365261,1.52191324
59.22802001,1.51835373
59.34238742,1.51390434
59.45675482,1.50945495
59.57112223,1.50500556
59.68548964,1.50055617
59.79985704,1.49610679
59.91422445,1.49165740
60.02859185,1.48720801
60.14295926,1.48186874
60.25732666,1.47652948
60.37169407,1.47119021
60.48606147,1.46496107
60.60042888,1.45873192
60.71479628,1.45250278
60.82916369,1.44538376
60.94353109,1.43826474
61.05789850,1.43114572
61.17226590,1.42313682
61.28663331,1.41601780
61.40100071,1.40889878
61.51536812,1.40088988
61.62973553,1.39288098
61.74410293,1.38576196
61.85847034,1.37775306
61.97283774,1.36974416
62.08720515,1.36262514
62.20157255,1.35550612
62.31593996,1.34838710
62.43030736,1.34126808
62.54467477,1.33503893
62.65904217,1.32791991
62.77340958,1.32169077
62.88777698,1.31546162
63.00214439,1.31012236
63.11651179,1.30478309
63.23087920,1.30033370
63.34524660,1.29632925
63.45961401,1.29276974
63.57398142,1.28965517
63.68834882,1.28698554
63.80271623,1.28476085
63.91708363,1.28253615
64.03145104,1.28031146
64.14581844,1.27808676
64.26018585,1.27630701
64.37455325,1.27497219
64.48892066,1.27408231
64.60328806,1.27363737
64.71765547,1.27363737
64.83202287,1.27363737
64.94639028,1.27274750
65.06075768,1.27239155
65.17512509,1.27256952
65.28949249,1.27328142
65.40385990,1.27452725
65.51822731,1.27719689
65.63259471,1.27986652
65.74696212,1.28253615
65.86132952,1.28520578
65.97569693,1.28787542
66.09006433,1.29054505
66.20443174,1.29179088
66.31879914,1.29339266
66.43316655,1.29535039
66.54753395,1.29766407
66.66190136,1.30033370
66.77626876,1.30478309
66.89063617,1.30745273
67.00500357,1.30923248
67.11937098,1.31012236
67.23373838,1.31012236
67.34810579,1.30923248
67.46247320,1.30923248
67.57684060,1.30923248
67.69120801,1.30923248
67.80557541,1.30923248
67.91994282,1.30923248
68.03431022,1.30923248
68.14867763,1.30923248
68.26304503,1.30923248
68.37741244,1.30923248
68.49177984,1.30923248
68.60614725,1.30834260
68.72051465,1.30745273
68.83488206,1.30567297
68.94924946,1.30300334
69.06361687,1.29885057
69.17798427,1.29410456
69.29235168,1.28787542
69.40671909,1.28105302
69.52108649,1.27363737
69.63545390,1.26622173
69.74982130,1.26028921
69.86418871,1.25583982
69.97855611,1.25287356
70.09292352,1.25050056
70.20729092,1.24783092
70.32165833,1.24427141
70.43602573,1.23626251
70.55039314,1.22647386
70.66476054,1.21668521
70.77912795,1.20689655
70.89349535,1.19710790
71.00786276,1.19176863
71.12223016,1.18642937
71.23659757,1.18020022
71.35096497,1.17397108
71.46533238,1.16685206
71.57969979,1.15795328
71.69406719,1.14905451
71.80843460,1.14015573
71.92280200,1.13125695
72.03716941,1.12235818
72.15153681,1.11434928
72.26590422,1.10634038
72.38027162,1.09922136
72.49463903,1.09210234
72.60900643,1.08587319
72.72337384,1.07875417
72.83774124,1.07252503
72.95210865,1.06629588
73.06647605,1.06095662
73.18084346,1.05561735
73.29521086,1.05116796
73.40957827,1.04760845
73.52394568,1.04404894
73.63831308,1.04137931
73.75268049,1.03959956
73.86704789,1.03870968
73.98141530,1.03781980
74.09578270,1.03781980
74.21015011,1.03781980
74.32451751,1.03781980
74.43888492,1.03781980
74.55325232,1.03781980
74.66761973,1.03870968
74.78198713,1.04048943
74.89635454,1.04315907
75.01072194,1.04671858
75.12508935,1.05027809
75.23945675,1.05294772
75.35382416,1.05561735
75.46819157,1.05739711
75.58255897,1.05917686
75.69692638,1.06095662
75.81129378,1.06362625
75.92566119,1.06629588
76.04002859,1.07074527
76.15439600,1.07519466
76.26876340,1.08053393
76.38313081,1.08587319
76.49749821,1.09121246
76.61186562,1.09566185
76.72623302,1.10055617
76.84060043,1.10589544
76.95496783,1.11167964
77.06933524,1.11790879
77.18370264,1.12324805
77.29807005,1.12725250
77.41243746,1.12992214
77.52680486,1.13125695
77.64117227,1.13125695
77.75553967,1.13125695
77.86990708,1.13125695
77.98427448,1.13125695
78.09864189,1.13125695
78.21300929,1.13125695
78.32737670,1.13066370
78.44174410,1.12947720
78.55611151,1.12769744
78.67047891,1.12532443
78.78484632,1.12235818
78.89921372,1.11939192
79.01358113,1.11701891
79.12794853,1.11523915
79.24231594,1.11405265
79.35668335,1.11345940
79.47105075,1.11256952
79.58541816,1.11078977
79.69978556,1.10812013
79.81415297,1.10367075
79.92852037,1.09833148
80.04288778,1.09210234
80.15725518,1.08587319
80.27162259,1.07875417
80.38598999,1.07163515
80.50035740,1.06451613
80.61472480,1.05739711
80.72909221,1.04938821
80.84345961,1.04137931
80.95782702,1.03337041
81.07219442,1.02447164
81.18656183,1.01557286
81.30092924,1.00667408
81.41529664,0.99688543
81.52966405,0.98709677
81.64403145,0.97730812
81.75839886,0.96751947
81.87276626,0.95773081
81.98713367,0.94794216
82.10150107,0.93815350
82.21586848,0.92836485
82.33023588,0.91857620
82.44460329,0.90878754
82.55897069,0.90077864
82.67333810,0.89276974
82.78770550,0.88476085
82.90207291,0.87675195
83.01644031,0.86963293
83.13080772,0.86162403
83.24517513,0.85450501
83.35954253,0.84827586
83.47390994,0.84293660
83.58827734,0.83759733
83.70264475,0.83403782
83.81701215,0.83047831
83.93137956,0.82780868
84.04574696,0.82602892
84.16011437,0.82513904
84.27448177,0.82424917
84.38884918,0.82424917
84.50321658,0.82424917
84.61758399,0.82424917
84.73195139,0.82424917
84.84631880,0.82513904
84.96068620,0.82780868
85.07505361,0.83136819
85.18942102,0.83581758
85.30378842,0.84115684
85.41815583,0.84738598
85.53252323,0.85272525
85.64689064,0.85895439
85.76125804,0.86518354
85.87562545,0.87230256
85.98999285,0.87942158
86.10436026,0.88654060
86.21872766,0.89365962
86.33309507,0.90077864
86.44746247,0.90789766
86.56182988,0.91412681
86.67619728,0.92124583
86.79056469,0.92747497
86.90493209,0.93459399
87.01929950,0.94082314
87.13366690,0.94705228
87.24803431,0.95239155
87.36240172,0.95773081
87.47676912,0.96218020
87.59113653,0.96662959
87.70550393,0.97107898
87.81987134,0.97552836
87.93423874,0.97997775
88.04860615,0.98353726
88.16297355,0.98709677
88.27734096,0.98976641
88.39170836,0.99154616
88.50607577,0.99243604
88.62044317,0.99332592
88.73481058,0.99332592
88.84917798,0.99332592
88.96354539,0.99332592
89.07791279,0.99332592
89.19228020,0.99332592
89.30664761,0.99332592
89.42101501,0.99332592
89.53538242,0.99243604
89.64974982,0.99065628
89.76411723,0.98798665
89.87848463,0.98442714
89.99285204,0.97997775
90.10721944,0.97552836
90.22158685,0.97018910
90.33595425,0.96484983
90.45032166,0.95862069
90.56468906,0.95239155
90.67905647,0.94527253
90.79342387,0.93815350
90.90779128,0.93014461
91.02215868,0.92213571
91.13652609,0.91323693
91.25089350,0.90433815
91.36526090,0.89454950
91.47962831,0.88476085
91.59399571,0.87497219
91.70836312,0.86429366
91.82273052,0.85361513
91.93709793,0.84293660
92.05146533,0.83225806
92.16583274,0.82068966
92.28020014,0.81001112
92.39456755,0.79844271
92.50893495,0.78776418
92.62330236,0.77619577
92.73766976,0.76551724
92.85203717,0.75394883
92.96640457,0.74327030
93.08077198,0.73170189
93.19513939,0.72102336
93.30950679,0.71034483
93.42387420,0.70055617
93.53824160,0.69076752
93.65260901,0.68186874
93.76697641,0.67385984
93.88134382,0.66674082
93.99571122,0.66051168
94.11007863,0.65517241
94.22444603,0.65072303
94.33881344,0.64716352
94.45318084,0.64449388
94.56754825,0.64271413
94.68191565,0.64182425
94.79628306,0.64182425
94.91065046,0.64182425
95.02501787,0.64271413
95.13938528,0.64449388
95.25375268,0.64805339
95.36812009,0.65250278
95.48248749,0.65873192
95.59685490,0.66614757
95.71122230,0.67474972
95.82558971,0.68364850
95.93995711,0.69165740
96.05432452,0.69966630
96.16869192,0.70737857
96.28305933,0.71568409
96.39742673,0.72369299
96.51179414,0.73348165
96.62616154,0.74327030
96.74052895,0.75305895
96.85489635,0.76284761
96.96926376,0.77263626
97.08363117,0.78242492
97.19799857,0.79221357
97.31236598,0.80200222
97.42673338,0.81090100
97.54110079,0.81979978
97.65546819,0.82780868
97.76983560,0.83581758
97.88420300,0.84293660
97.99857041,0.85005562
98.11293781,0.85628476
98.22730522,0.86251390
98.34167262,0.86785317
98.45604003,0.87319244
98.57040743,0.87764182
98.68477484,0.88209121
98.79914224,0.88654060
98.91350965,0.89010011
99.02787706,0.89365962
99.14224446,0.89632925
99.25661187,0.89810901
99.37097927,0.89899889
99.48534668,0.89988877
99.59971408,0.89988877
99.71408149,0.89988877
99.82844889,0.89988877
99.94281630,0.89988877
100.05718370,0.89988877
100.17155111,0.89899889
100.28591851,0.89721913
100.40028592,0.89454950
100.51465332,0.89098999
100.62902073,0.88654060
100.74338813,0.88120133
100.85775554,0.87586207
100.97212294,0.87052280
101.08649035,0.86429366
101.20085776,0.85717464
101.31522516,0.84916574
101.42959257,0.84115684
101.54395997,0.83225806
101.65832738,0.82246941
101.77269478,0.81268076
101.88706219,0.80289210
102.00142959,0.79221357
102.11579700,0.78064516
102.23016440,0.76996663
102.34453181,0.75839822
102.45889921,0.74682981
102.57326662,0.73437152
102.68763402,0.72191324
102.80200143,0.70856507
102.91636883,0.69521691
103.03073624,0.68097887
103.14510365,0.66674082
103.25947105,0.65250278
103.37383846,0.63515017
103.48820586,0.61468298
103.60257327,0.59777531
103.71694067,0.58264739
103.83130808,0.56840934
103.94567548,0.55728587
104.06004289,0.55016685
104.17441029,0.54037820
104.28877770,0.52969967
104.40314510,0.51991101
104.51751251,0.51101224
104.63187991,0.50300334
104.74624732,0.49677419
104.86061472,0.49143493
104.97498213,0.48698554
105.08934954,0.48431591
105.20371694,0.48253615
105.31808435,0.48164627
105.43245175,0.48164627
105.54681916,0.48253615
105.66118656,0.48431591
105.77555397,0.48698554
105.88992137,0.49143493
106.00428878,0.49766407
106.11865618,0.50478309
106.23302359,0.51279199
106.34739099,0.52258065
106.46175840,0.53325918
106.57612580,0.54393771
106.69049321,0.55550612
106.80486061,0.57686318
106.91922802,0.59555061
107.03359543,0.61156841
107.14796283,0.62580645
107.26233024,0.64004449
107.37669764,0.64538376
107.49106505,0.65339266
107.60543245,0.66318131
107.71979986,0.67563960
107.83416726,0.68809789
107.94853467,0.69966630
108.06290207,0.71123471
108.17726948,0.72280311
108.29163688,0.73437152
108.40600429,0.74505006
108.52037169,0.75572859
108.63473910,0.76611049
108.74910650,0.77708565
108.86347391,0.78776418
108.97784132,0.79666296
109.09220872,0.80378198
109.20657613,0.80941787
109.32094353,0.81357063
109.43531094,0.81624027
109.54967834,0.81890990
109.66404575,0.82246941
109.77841315,0.82602892
109.89278056,0.82869855
110.00714796,0.83136819
110.12151537,0.83403782
110.23588277,0.83581758
110.35025018,0.83670745
110.46461758,0.83759733
110.57898499,0.83759733
110.69335239,0.83759733
110.80771980,0.83759733
110.92208721,0.83759733
111.03645461,0.83670745
111.15082202,0.83492770
111.26518942,0.83225806
111.37955683,0.82869855
111.49392423,0.82335929
111.60829164,0.81802002
111.72265904,0.81179088
111.83702645,0.80467186
111.95139385,0.79666296
112.06576126,0.78865406
112.18012866,0.77975528
112.29449607,0.77085651
112.40886347,0.76106785
112.52323088,0.75127920
112.63759828,0.74060067
112.75196569,0.72903226
112.86633310,0.71657397
112.98070050,0.70411568
113.09506791,0.68987764
113.20943531,0.67563960
113.32380272,0.66140156
113.43817012,0.64627364
113.55253753,0.63025584
113.66690493,0.61423804
113.78127234,0.59822024
113.89563974,0.58131257
114.01000715,0.56440489
114.12437455,0.54749722
114.23874196,0.53058954
114.35310936,0.51279199
114.46747677,0.49499444
114.58184417,0.47719689
114.69621158,0.45939933
114.81057898,0.44249166
114.92494639,0.42647386
115.03931380,0.41045606
115.15368120,0.39621802
115.26804861,0.38286986
115.38241601,0.37041157
115.49678342,0.35884316
115.61115082,0.34994438
115.72551823,0.34193548
115.83988563,0.33659622
115.95425304,0.33303671
116.06862044,0.33125695
116.18298785,0.33036707
116.29735525,0.33125695
116.41172266,0.33303671
116.52609006,0.33748610
116.64045747,0.34371524
116.75482487,0.35261402
116.86919228,0.36329255
116.98355969,0.37575083
117.09792709,0.38909900
117.21229450,0.40333704
117.32666190,0.41846496
117.44102931,0.43359288
117.55539671,0.44961068
117.66976412,0.46562848
117.78413152,0.48253615
117.89849893,0.49944383
118.01286633,0.52525028
118.12723374,0.54749722
118.24160114,0.56618465
118.35596855,0.58309232
118.47033595,0.59911012
118.58470336,0.60711902
118.69907076,0.61779755
118.81343817,0.63114572
118.92780558,0.64538376
119.04217298,0.65962180
119.15654039,0.67296997
119.27090779,0.68631813
119.38527520,0.69877642
119.49964260,0.71123471
119.61401001,0.72191324
119.72837741,0.73348165
119.84274482,0.74593993
119.95711222,0.75661846
120.07147963,0.76462736
120.18584703,0.77352614
120.30021444,0.77975528
120.41458184,0.78331479
120.52894925,0.78776418
120.64331665,0.79310345
120.75768406,0.79755284
120.87205147,0.80111235
120.98641887,0.80467186
121.10078628,0.80734149
121.21515368,0.80912125
121.32952109,0.81001112
121.44388849,0.81090100
121.55825590,0.81090100
121.67262330,0.81090100
121.78699071,0.81090100
121.90135811,0.81001112
122.01572552,0.80823137
122.13009292,0.80556174
122.24446033,0.80200222
122.35882773,0.79755284
122.47319514,0.79221357
122.58756254,0.78598443
122.70192995,0.77886541
122.81629736,0.77174638
122.93066476,0.76284761
123.04503217,0.75394883
123.15939957,0.74416018
123.27376698,0.73437152
123.38813438,0.72280311
123.50250179,0.71034483
123.61686919,0.69699666
123.73123660,0.68364850
123.84560400,0.66852058
123.95997141,0.65339266
124.07433881,0.63826474
124.18870622,0.62046719
124.30307362,0.60355951
124.41744103,0.58576196
124.53180843,0.56707453
124.64617584,0.54838710
124.76054325,0.53058954
124.87491065,0.51012236
124.98927806,0.49054505
125.10364546,0.47007786
125.21801287,0.44783092
125.33238027,0.42558398
125.44674768,0.40333704
125.56111508,0.38020022
125.67548249,0.35706340
125.78984989,0.33303671
125.90421730,0.30723026
126.01858470,0.28587319
126.13295211,0.26540601
126.24731951,0.24671858
126.36168692,0.23159066
126.47605432,0.22002225
126.59042173,0.20756396
126.70478914,0.19777531
126.81915654,0.19065628
126.93352395,0.18620690
127.04789135,0.18442714
127.16225876,0.18442714
127.27662616,0.18709677
127.39099357,0.19154616
127.50536097,0.19955506
127.61972838,0.21023359
127.73409578,0.22358176
127.84846319,0.23959956
127.96283059,0.25739711
128.07719800,0.27608454
128.19156540,0.29655172
128.30593281,0.31790879
128.42030021,0.33926585
128.53466762,0.36151279
128.64903503,0.38375973
128.76340243,0.40689655
128.87776984,0.43003337
128.99213724,0.45317019
129.10650465,0.47630701
129.22087205,0.49855395
129.33523946,0.51902113
129.44960686,0.53948832
129.56397427,0.55906563
129.67834167,0.58487208
129.79270908,0.60711902
129.90707648,0.62580645
130.02144389,0.64271413
130.13581129,0.65873192
130.25017870,0.66763070
130.36454610,0.67919911
130.47891351,0.69343715
130.59328091,0.70678532
130.70764832,0.72013348
130.82201573,0.73170189
130.93638313,0.74238042
131.05075054,0.75216908
131.16511794,0.76195773
131.27948535,0.77085651
131.39385275,0.77886541
131.50822016,0.78598443
131.62258756,0.79310345
131.73695497,0.79844271
131.85132237,0.80289210
131.96568978,0.80734149
132.08005718,0.81090100
132.19442459,0.81268076
132.30879199,0.81446051
132.42315940,0.81535039
132.53752680,0.81535039
132.65189421,0.81535039
132.76626162,0.81535039
132.88062902,0.81535039
132.99499643,0.81535039
133.10936383,0.81446051
133.22373124,0.81179088
133.33809864,0.80823137
133.45246605,0.80289210
133.56683345,0.79577308
133.68120086,0.78776418
133.79556826,0.77975528
133.90993567,0.77085651
134.02430307,0.76195773
134.13867048,0.75216908
134.25303788,0.74149055
134.36740529,0.72992214
134.48177269,0.71746385
134.59614010,0.70411568
134.71050751,0.69076752
134.82487491,0.67652948
134.93924232,0.66140156
135.05360972,0.64538376
135.16797713,0.62847608
135.28234453,0.60978865
135.39671194,0.59021135
135.51107934,0.56885428
135.62544675,0.54660734
135.73981415,0.52258065
135.85418156,0.49143493
135.96854896,0.46473860
136.08291637,0.43804227
136.19728377,0.41045606
136.31165118,0.38286986
136.42601858,0.36062291
136.54038599,0.33303671
136.65475340,0.30456062
136.76912080,0.27519466
136.88348821,0.24582870
136.99785561,0.21290323
137.11222302,0.18353726
137.22659042,0.15595106
137.34095783,0.12925473
137.45532523,0.10433815
137.56969264,0.08565072
137.68406004,0.06696329
137.79842745,0.05183537
137.91279485,0.04204672
138.02716226,0.03581758
138.14152966,0.03314794
138.25589707,0.03581758
138.37026447,0.04293660
138.48463188,0.05361513
138.59899929,0.06874305
138.71336669,0.08921023
138.82773410,0.11145717
138.94210150,0.13548387
139.05646891,0.16218020
139.17083631,0.19065628
139.28520372,0.22002225
139.39957112,0.25027809
139.51393853,0.28142380
139.62830593,0.31256952
139.74267334,0.34282536
139.85704074,0.37219132
139.97140815,0.40066741
140.08577555,0.42825362
140.20014296,0.45494994
140.31451036,0.48164627
140.42887777,0.50834260
140.54324518,0.53414905
140.65761258,0.55995551
140.77197999,0.58398220
140.88634739,0.60711902
141.00071480,0.62936596
141.11508220,0.65072303
141.22944961,0.67030033
141.34381701,0.68898776
141.45818442,0.70678532
141.57255182,0.72280311
141.68691923,0.73793103
141.80128663,0.75216908
141.91565404,0.77085651
142.03002144,0.78687430
142.14438885,0.80022247
142.25875625,0.81090100
142.37312366,0.82068966
142.48749107,0.82424917
142.60185847,0.82869855
142.71622588,0.83403782
142.83059328,0.84115684
142.94496069,0.84738598
143.05932809,0.85272525
143.17369550,0.85717464
143.28806290,0.86073415
143.40243031,0.86340378
143.51679771,0.86518354
143.63116512,0.86696329
143.74553252,0.86785317
143.85989993,0.86874305
143.97426733,0.86874305
144.08863474,0.86785317
144.20300214,0.86607341
144.31736955,0.86340378
144.43173695,0.85984427
144.54610436,0.85450501
144.66047177,0.84916574
144.77483917,0.84293660
144.88920658,0.83581758
145.00357398,0.82691880
145.11794139,0.81802002
145.23230879,0.80734149
145.34667620,0.79577308
145.46104360,0.78331479
145.57541101,0.76996663
145.68977841,0.75572859
145.80414582,0.74060067
145.91851322,0.72458287
146.03288063,0.70678532
146.14724803,0.68809789
146.26161544,0.66852058
146.37598284,0.64716352
146.49035025,0.62491657
146.60471766,0.60177976
146.71908506,0.57775306
146.83345247,0.55194661
146.94781987,0.52525028
147.06218728,0.49677419
147.17655468,0.46740823
147.29092209,0.43626251
147.40528949,0.40333704
147.51965690,0.37612162
147.63402430,0.35461624
147.74839171,0.33882091
147.86275911,0.32962551
147.97712652,0.32703003
148.09149392,0.32443456
148.20586133,0.32183908
148.32022873,0.31924360
148.43459614,0.31664813
148.54896355,0.31405265
148.66333095,0.31145717
148.77769836,0.30886170
148.89206576,0.30626622
149.00643317,0.30367075
149.12080057,0.30107527
149.23516798,0.29847979
149.34953538,0.29588432
149.46390279,0.29328884
149.57827019,0.29069336
149.69263760,0.28809789
149.80700500,0.28550241
149.92137241,0.28290693
150.03573981,0.28031146
150.15010722,0.27771598
150.26447462,0.27563960
150.37884203,0.27408231
150.49320944,0.27304412
150.60757684,0.28142380
150.72194425,0.29922136
150.83631165,0.32502781
150.95067906,0.35884316
151.06504646,0.39977753
151.17941387,0.43893215
151.29378127,0.47630701
151.40814868,0.51190211
151.52251608,0.54571746
151.63688349,0.57686318
151.75125089,0.60622914
151.86561830,0.63381535
151.97998570,0.65873192
152.09435311,0.68186874
152.20872051,0.70500556
152.32308792,0.72636263
152.43745533,0.74593993
152.55182273,0.76551724
152.66619014,0.78420467
152.78055754,0.80200222
152.89492495,0.81979978
153.00929235,0.83670745
153.12365976,0.85895439
153.23802716,0.87853170
153.35239457,0.89454950
153.46676197,0.90789766
153.58112938,0.92035595
153.69549678,0.92569522
153.80986419,0.93192436
153.92423159,0.93904338
154.03859900,0.94705228
154.15296640,0.95417130
154.26733381,0.96040044
154.38170122,0.96484983
154.49606862,0.96929922
154.61043603,0.97196885
154.72480343,0.97374861
154.83917084,0.97463849
154.95353824,0.97552836
155.06790565,0.97552836
155.18227305,0.97552836
155.29664046,0.97552836
155.41100786,0.97463849
155.52537527,0.97285873
155.63974267,0.97018910
155.75411008,0.96573971
155.86847748,0.96040044
155.98284489,0.95417130
156.09721229,0.94705228
156.21157970,0.93815350
156.32594711,0.92925473
156.44031451,0.91857620
156.55468192,0.90700779
156.66904932,0.89454950
156.78341673,0.88120133
156.89778413,0.86518354
157.01215154,0.84827586
157.12651894,0.82958843
157.24088635,0.81001112
157.35525375,0.78954394
157.46962116,0.76818687
157.58398856,0.74505006
157.69835597,0.72191324
157.81272337,0.69699666
157.92709078,0.67030033
158.04145818,0.64271413
158.15582559,0.61423804
158.27019299,0.58220245
158.38456040,0.54838710
158.49892781,0.51279199
158.61329521,0.47452725
158.72766262,0.43270300
158.84203002,0.38820912
158.95639743,0.33926585
159.07076483,0.28587319
159.18513224,0.24104561
159.29949964,0.20567297
159.41386705,0.18064516
159.52823445,0.16685206
159.64260186,0.16518354
159.75696926,0.16351502
159.87133667,0.16184650
159.98570407,0.16017798
160.10007148,0.15850945
160.21443888,0.15684093
160.32880629,0.15517241
160.44317370,0.15350389
160.55754110,0.15183537
160.67190851,0.15016685
160.78627591,0.14849833
160.90064332,0.14682981
161.01501072,0.14549499
161.12937813,0.14449388
161.24374553,0.14382647
161.35811294,0.15595106
161.47248034,0.18086763
161.58684775,0.21824249
161.70121515,0.26718576
161.81558256,0.32680756
161.92994996,0.38286986
162.04431737,0.43626251
162.15868477,0.48609566
162.27305218,0.53236930
162.38741959,0.57597330
162.50178699,0.61779755
162.61615440,0.65695217
162.73052180,0.69343715
162.84488921,0.72814238
162.95925661,0.76195773
163.07362402,0.79399333
163.18799142,0.82424917
163.30235883,0.85361513
163.41672623,0.88120133
163.53109364,0.90611791
163.64546104,0.92591226
163.75982845,0.94058439
163.87419585,0.95013430
163.98856326,0.95545186
164.10293066,0.95653707
164.21729807,0.95762229
164.33166548,0.95870751
164.44603288,0.95979272
164.56040029,0.96087794
164.67476769,0.96196316
164.78913510,0.96304837
164.90350250,0.96413359
165.01786991,0.96521881
165.13223731,0.96630402
165.24660472,0.96738924
165.36097212,0.96847446
165.47533953,0.96955967
165.58970693,0.97064489
165.70407434,0.97173011
165.81844174,0.97281532
165.93280915,0.97390054
166.04717655,0.97498576
166.16154396,0.97607097
166.27591137,0.97715619
166.39027877,0.97824141
166.50464618,0.97932662
166.61901358,0.98041184
166.73338099,0.98149706
166.84774839,0.98258227
166.96211580,0.98366749
167.07648320,0.98475271
167.19085061,0.98583792
167.30521801,0.98692314
167.41958542,0.98800836
167.53395282,0.98909357
167.64832023,0.99017879
167.76268763,0.99126401
167.87705504,0.99234922
167.99142244,0.99343444
168.10578985,0.99451966
168.22015726,0.99560487
168.33452466,0.99647305
168.44889207,0.99712418
168.56325947,0.99755826
168.67762688,0.99243604
168.79199428,0.98086763
168.90636169,0.96395996
169.02072909,0.93993326
169.13509650,0.90967742
169.24946390,0.87764182
169.36383131,0.84382647
169.47819871,0.80734149
169.59256612,0.76996663
169.70693352,0.72992214
169.82130093,0.68720801
169.93566833,0.64182425
170.05003574,0.59199110
170.16440315,0.53770857
170.27877055,0.49187987
170.39313796,0.45539488
170.50750536,0.42914349
170.62187277,0.41490545
170.73624017,0.41268076
170.85060758,0.41045606
170.96497498,0.40823137
171.07934239,0.40600667
171.19370979,0.40378198
171.30807720,0.40155729
171.42244460,0.39933259
171.53681201,0.39710790
171.65117941,0.39488320
171.76554682,0.39265851
171.87991422,0.39043382
171.99428163,0.38820912
172.10864904,0.38642937
172.22301644,0.38509455
172.33738385,0.38420467
172.45175125,0.38375973
172.56611866,0.38375973
172.68048606,0.38375973
172.79485347,0.38375973
172.90922087,0.38375973
173.02358828,0.38375973
173.13795568,0.38375973
173.25232309,0.38375973
173.36669049,0.38375973
173.48105790,0.38375973
173.59542530,0.38375973
173.70979271,0.38375973
173.82416011,0.38375973
173.93852752,0.38375973
174.05289492,0.38375973
174.16726233,0.38375973
174.28162974,0.38375973
174.39599714,0.38375973
174.51036455,0.38375973
174.62473195,0.38375973
174.73909936,0.38375973
174.85346676,0.38375973
174.96783417,0.38375973
175.08220157,0.38375973
175.19656898,0.38375973
175.31093638,0.38375973
175.42530379,0.38375973
175.53967119,0.38375973
175.65403860,0.38375973
175.76840600,0.38375973
175.88277341,0.38375973
175.99714081,0.38375973
176.11150822,0.38375973
176.22587563,0.38375973
176.34024303,0.38375973
176.45461044,0.38375973
176.56897784,0.38375973
176.68334525,0.38375973
176.79771265,0.38375973
176.91208006,0.38375973
177.02644746,0.38375973
177.14081487,0.38375973
177.25518227,0.38375973
177.36954968,0.38375973
177.48391708,0.38375973
177.59828449,0.38375973
177.71265189,0.38375973
177.82701930,0.38375973
177.94138670,0.38375973
178.05575411,0.38375973
178.17012152,0.38375973
178.28448892,0.38375973
178.39885633,0.38375973
178.51322373,0.38375973
178.62759114,0.38375973
178.74195854,0.38375973
178.85632595,0.38375973
178.97069335,0.38375973
179.08506076,0.38375973
179.19942816,0.38375973
179.31379557,0.38375973
179.42816297,0.38375973
179.54253038,0.38375973
179.65689778,0.38375973
179.77126519,0.38375973
179.88563259,0.38375973
180.00000000,0.38375973
